"","Lab_reference","Country","Breed","Province","Farm_ID","Diagnostic_test","Sample_type","Samplenumber","Date","Date_month","Date_week","Pathogen","Result"
"1","4","Belgium","Unknown",NA,"01ff77a3e2353341335866f2bfd20f41b1e7c4b932a32872c49526ba062606a5","NPS","BAL","4ab5f50373ffdfed92f5705dde25c808b4145dba757347a074ffd70f9483d0ed",2022-06-08 15:51:56,2022-06-01,2022-06-05,"PM",0
"2","4","Belgium","Unknown",NA,"01ff77a3e2353341335866f2bfd20f41b1e7c4b932a32872c49526ba062606a5","NPS","BAL","4ab5f50373ffdfed92f5705dde25c808b4145dba757347a074ffd70f9483d0ed",2022-06-08 15:51:56,2022-06-01,2022-06-05,"MH",0
"3","4","Belgium","Unknown",NA,"01ff77a3e2353341335866f2bfd20f41b1e7c4b932a32872c49526ba062606a5","NPS","BAL","4ab5f50373ffdfed92f5705dde25c808b4145dba757347a074ffd70f9483d0ed",2022-06-08 15:51:56,2022-06-01,2022-06-05,"HS",0
"4","4","Belgium","Unknown",NA,"01ff77a3e2353341335866f2bfd20f41b1e7c4b932a32872c49526ba062606a5","NPS","BAL","4ab5f50373ffdfed92f5705dde25c808b4145dba757347a074ffd70f9483d0ed",2022-06-08 15:51:56,2022-06-01,2022-06-05,"MB",0
"5","4","Belgium","Unknown",NA,"01ff77a3e2353341335866f2bfd20f41b1e7c4b932a32872c49526ba062606a5","NPS","BAL","4ab5f50373ffdfed92f5705dde25c808b4145dba757347a074ffd70f9483d0ed",2022-06-08 15:51:56,2022-06-01,2022-06-05,"BRSV",1
"6","4","Belgium","Unknown",NA,"01ff77a3e2353341335866f2bfd20f41b1e7c4b932a32872c49526ba062606a5","NPS","BAL","4ab5f50373ffdfed92f5705dde25c808b4145dba757347a074ffd70f9483d0ed",2022-06-08 15:51:56,2022-06-01,2022-06-05,"PI3",0
"7","4","Belgium","Unknown",NA,"01ff77a3e2353341335866f2bfd20f41b1e7c4b932a32872c49526ba062606a5","NPS","BAL","4ab5f50373ffdfed92f5705dde25c808b4145dba757347a074ffd70f9483d0ed",2022-06-08 15:51:56,2022-06-01,2022-06-05,"BCV",0
"8","4","Belgium","Unknown",NA,"01ff77a3e2353341335866f2bfd20f41b1e7c4b932a32872c49526ba062606a5","NPS","BAL","d604696d6ff7e84d99ab8135f541b271706b7d2520ddf7eb3c351359ae7fc283",2022-06-08 15:51:56,2022-06-01,2022-06-05,"PM",0
"9","4","Belgium","Unknown",NA,"01ff77a3e2353341335866f2bfd20f41b1e7c4b932a32872c49526ba062606a5","NPS","BAL","d604696d6ff7e84d99ab8135f541b271706b7d2520ddf7eb3c351359ae7fc283",2022-06-08 15:51:56,2022-06-01,2022-06-05,"MH",0
"10","4","Belgium","Unknown",NA,"01ff77a3e2353341335866f2bfd20f41b1e7c4b932a32872c49526ba062606a5","NPS","BAL","d604696d6ff7e84d99ab8135f541b271706b7d2520ddf7eb3c351359ae7fc283",2022-06-08 15:51:56,2022-06-01,2022-06-05,"HS",0
"11","4","Belgium","Unknown",NA,"01ff77a3e2353341335866f2bfd20f41b1e7c4b932a32872c49526ba062606a5","NPS","BAL","d604696d6ff7e84d99ab8135f541b271706b7d2520ddf7eb3c351359ae7fc283",2022-06-08 15:51:56,2022-06-01,2022-06-05,"MB",0
"12","4","Belgium","Unknown",NA,"01ff77a3e2353341335866f2bfd20f41b1e7c4b932a32872c49526ba062606a5","NPS","BAL","d604696d6ff7e84d99ab8135f541b271706b7d2520ddf7eb3c351359ae7fc283",2022-06-08 15:51:56,2022-06-01,2022-06-05,"BRSV",0
"13","4","Belgium","Unknown",NA,"01ff77a3e2353341335866f2bfd20f41b1e7c4b932a32872c49526ba062606a5","NPS","BAL","d604696d6ff7e84d99ab8135f541b271706b7d2520ddf7eb3c351359ae7fc283",2022-06-08 15:51:56,2022-06-01,2022-06-05,"PI3",0
"14","4","Belgium","Unknown",NA,"01ff77a3e2353341335866f2bfd20f41b1e7c4b932a32872c49526ba062606a5","NPS","BAL","d604696d6ff7e84d99ab8135f541b271706b7d2520ddf7eb3c351359ae7fc283",2022-06-08 15:51:56,2022-06-01,2022-06-05,"BCV",0
"15","4","Belgium","Unknown",NA,"06af29ac2ff50f6278ad7d0ffb7657a35864299191bea7a1fab0820d13c7a4ec","NPS","BAL","12e092eef5220a2d32c075bb95e09d4f34ef8bf3840c86190d2e2154696ca300",2021-12-22 13:21:49,2021-12-01,2021-12-19,"PM",0
"16","4","Belgium","Unknown",NA,"06af29ac2ff50f6278ad7d0ffb7657a35864299191bea7a1fab0820d13c7a4ec","NPS","BAL","12e092eef5220a2d32c075bb95e09d4f34ef8bf3840c86190d2e2154696ca300",2021-12-22 13:21:49,2021-12-01,2021-12-19,"MH",0
"17","4","Belgium","Unknown",NA,"06af29ac2ff50f6278ad7d0ffb7657a35864299191bea7a1fab0820d13c7a4ec","NPS","BAL","12e092eef5220a2d32c075bb95e09d4f34ef8bf3840c86190d2e2154696ca300",2021-12-22 13:21:49,2021-12-01,2021-12-19,"HS",0
"18","4","Belgium","Unknown",NA,"06af29ac2ff50f6278ad7d0ffb7657a35864299191bea7a1fab0820d13c7a4ec","NPS","BAL","12e092eef5220a2d32c075bb95e09d4f34ef8bf3840c86190d2e2154696ca300",2021-12-22 13:21:49,2021-12-01,2021-12-19,"MB",0
"19","4","Belgium","Unknown",NA,"06af29ac2ff50f6278ad7d0ffb7657a35864299191bea7a1fab0820d13c7a4ec","NPS","BAL","12e092eef5220a2d32c075bb95e09d4f34ef8bf3840c86190d2e2154696ca300",2021-12-22 13:21:49,2021-12-01,2021-12-19,"BRSV",0
"20","4","Belgium","Unknown",NA,"06af29ac2ff50f6278ad7d0ffb7657a35864299191bea7a1fab0820d13c7a4ec","NPS","BAL","12e092eef5220a2d32c075bb95e09d4f34ef8bf3840c86190d2e2154696ca300",2021-12-22 13:21:49,2021-12-01,2021-12-19,"PI3",0
"21","4","Belgium","Unknown",NA,"06af29ac2ff50f6278ad7d0ffb7657a35864299191bea7a1fab0820d13c7a4ec","NPS","BAL","12e092eef5220a2d32c075bb95e09d4f34ef8bf3840c86190d2e2154696ca300",2021-12-22 13:21:49,2021-12-01,2021-12-19,"BCV",0
"22","4","Belgium","Unknown",NA,"06af29ac2ff50f6278ad7d0ffb7657a35864299191bea7a1fab0820d13c7a4ec","NPS","BAL","24250bf69bbdf1a9d6876d3c33d9464064dd632ad87a47eaea75c5d9717cdd30",2021-12-22 13:21:49,2021-12-01,2021-12-19,"PM",0
"23","4","Belgium","Unknown",NA,"06af29ac2ff50f6278ad7d0ffb7657a35864299191bea7a1fab0820d13c7a4ec","NPS","BAL","24250bf69bbdf1a9d6876d3c33d9464064dd632ad87a47eaea75c5d9717cdd30",2021-12-22 13:21:49,2021-12-01,2021-12-19,"MH",0
"24","4","Belgium","Unknown",NA,"06af29ac2ff50f6278ad7d0ffb7657a35864299191bea7a1fab0820d13c7a4ec","NPS","BAL","24250bf69bbdf1a9d6876d3c33d9464064dd632ad87a47eaea75c5d9717cdd30",2021-12-22 13:21:49,2021-12-01,2021-12-19,"HS",0
"25","4","Belgium","Unknown",NA,"06af29ac2ff50f6278ad7d0ffb7657a35864299191bea7a1fab0820d13c7a4ec","NPS","BAL","24250bf69bbdf1a9d6876d3c33d9464064dd632ad87a47eaea75c5d9717cdd30",2021-12-22 13:21:49,2021-12-01,2021-12-19,"MB",0
"26","4","Belgium","Unknown",NA,"06af29ac2ff50f6278ad7d0ffb7657a35864299191bea7a1fab0820d13c7a4ec","NPS","BAL","24250bf69bbdf1a9d6876d3c33d9464064dd632ad87a47eaea75c5d9717cdd30",2021-12-22 13:21:49,2021-12-01,2021-12-19,"BRSV",0
"27","4","Belgium","Unknown",NA,"06af29ac2ff50f6278ad7d0ffb7657a35864299191bea7a1fab0820d13c7a4ec","NPS","BAL","24250bf69bbdf1a9d6876d3c33d9464064dd632ad87a47eaea75c5d9717cdd30",2021-12-22 13:21:49,2021-12-01,2021-12-19,"PI3",0
"28","4","Belgium","Unknown",NA,"06af29ac2ff50f6278ad7d0ffb7657a35864299191bea7a1fab0820d13c7a4ec","NPS","BAL","24250bf69bbdf1a9d6876d3c33d9464064dd632ad87a47eaea75c5d9717cdd30",2021-12-22 13:21:49,2021-12-01,2021-12-19,"BCV",0
"29","4","Belgium","Unknown",NA,"06af29ac2ff50f6278ad7d0ffb7657a35864299191bea7a1fab0820d13c7a4ec","NPS","BAL","3b5becbb1c2ca62c2e693d5cc5d8991a6ee5c30feedb98e37139908b69804654",2021-12-22 13:21:49,2021-12-01,2021-12-19,"PM",0
"30","4","Belgium","Unknown",NA,"06af29ac2ff50f6278ad7d0ffb7657a35864299191bea7a1fab0820d13c7a4ec","NPS","BAL","3b5becbb1c2ca62c2e693d5cc5d8991a6ee5c30feedb98e37139908b69804654",2021-12-22 13:21:49,2021-12-01,2021-12-19,"MH",0
"31","4","Belgium","Unknown",NA,"06af29ac2ff50f6278ad7d0ffb7657a35864299191bea7a1fab0820d13c7a4ec","NPS","BAL","3b5becbb1c2ca62c2e693d5cc5d8991a6ee5c30feedb98e37139908b69804654",2021-12-22 13:21:49,2021-12-01,2021-12-19,"HS",0
"32","4","Belgium","Unknown",NA,"06af29ac2ff50f6278ad7d0ffb7657a35864299191bea7a1fab0820d13c7a4ec","NPS","BAL","3b5becbb1c2ca62c2e693d5cc5d8991a6ee5c30feedb98e37139908b69804654",2021-12-22 13:21:49,2021-12-01,2021-12-19,"MB",0
"33","4","Belgium","Unknown",NA,"06af29ac2ff50f6278ad7d0ffb7657a35864299191bea7a1fab0820d13c7a4ec","NPS","BAL","3b5becbb1c2ca62c2e693d5cc5d8991a6ee5c30feedb98e37139908b69804654",2021-12-22 13:21:49,2021-12-01,2021-12-19,"BRSV",0
"34","4","Belgium","Unknown",NA,"06af29ac2ff50f6278ad7d0ffb7657a35864299191bea7a1fab0820d13c7a4ec","NPS","BAL","3b5becbb1c2ca62c2e693d5cc5d8991a6ee5c30feedb98e37139908b69804654",2021-12-22 13:21:49,2021-12-01,2021-12-19,"PI3",0
"35","4","Belgium","Unknown",NA,"06af29ac2ff50f6278ad7d0ffb7657a35864299191bea7a1fab0820d13c7a4ec","NPS","BAL","3b5becbb1c2ca62c2e693d5cc5d8991a6ee5c30feedb98e37139908b69804654",2021-12-22 13:21:49,2021-12-01,2021-12-19,"BCV",0
"36","4","Belgium","Unknown",NA,"06af29ac2ff50f6278ad7d0ffb7657a35864299191bea7a1fab0820d13c7a4ec","NPS","BAL","6bfbc415b3a186d99a8ab5e83b3ac0de6c6c68d6c5f3aaebc833e70a7037c725",2021-12-22 13:21:49,2021-12-01,2021-12-19,"PM",0
"37","4","Belgium","Unknown",NA,"06af29ac2ff50f6278ad7d0ffb7657a35864299191bea7a1fab0820d13c7a4ec","NPS","BAL","6bfbc415b3a186d99a8ab5e83b3ac0de6c6c68d6c5f3aaebc833e70a7037c725",2021-12-22 13:21:49,2021-12-01,2021-12-19,"MH",0
"38","4","Belgium","Unknown",NA,"06af29ac2ff50f6278ad7d0ffb7657a35864299191bea7a1fab0820d13c7a4ec","NPS","BAL","6bfbc415b3a186d99a8ab5e83b3ac0de6c6c68d6c5f3aaebc833e70a7037c725",2021-12-22 13:21:49,2021-12-01,2021-12-19,"HS",0
"39","4","Belgium","Unknown",NA,"06af29ac2ff50f6278ad7d0ffb7657a35864299191bea7a1fab0820d13c7a4ec","NPS","BAL","6bfbc415b3a186d99a8ab5e83b3ac0de6c6c68d6c5f3aaebc833e70a7037c725",2021-12-22 13:21:49,2021-12-01,2021-12-19,"MB",0
"40","4","Belgium","Unknown",NA,"06af29ac2ff50f6278ad7d0ffb7657a35864299191bea7a1fab0820d13c7a4ec","NPS","BAL","6bfbc415b3a186d99a8ab5e83b3ac0de6c6c68d6c5f3aaebc833e70a7037c725",2021-12-22 13:21:49,2021-12-01,2021-12-19,"BRSV",0
"41","4","Belgium","Unknown",NA,"06af29ac2ff50f6278ad7d0ffb7657a35864299191bea7a1fab0820d13c7a4ec","NPS","BAL","6bfbc415b3a186d99a8ab5e83b3ac0de6c6c68d6c5f3aaebc833e70a7037c725",2021-12-22 13:21:49,2021-12-01,2021-12-19,"PI3",0
"42","4","Belgium","Unknown",NA,"06af29ac2ff50f6278ad7d0ffb7657a35864299191bea7a1fab0820d13c7a4ec","NPS","BAL","6bfbc415b3a186d99a8ab5e83b3ac0de6c6c68d6c5f3aaebc833e70a7037c725",2021-12-22 13:21:49,2021-12-01,2021-12-19,"BCV",0
"43","4","Belgium","Unknown",NA,"0985b889a1fe4f4e1fb925061ac6fb2247f10875f5fcbe63eec2ab55ed68970e","NPS","BAL","d54123de468bd42ea00dafbd777f85fe5fa1ff6404d9838c007953c25c92a1c5",2021-02-05 11:57:31,2021-02-01,2021-01-31,"PM",1
"44","4","Belgium","Unknown",NA,"0985b889a1fe4f4e1fb925061ac6fb2247f10875f5fcbe63eec2ab55ed68970e","NPS","BAL","d54123de468bd42ea00dafbd777f85fe5fa1ff6404d9838c007953c25c92a1c5",2021-02-05 11:57:31,2021-02-01,2021-01-31,"MH",0
"45","4","Belgium","Unknown",NA,"0985b889a1fe4f4e1fb925061ac6fb2247f10875f5fcbe63eec2ab55ed68970e","NPS","BAL","d54123de468bd42ea00dafbd777f85fe5fa1ff6404d9838c007953c25c92a1c5",2021-02-05 11:57:31,2021-02-01,2021-01-31,"HS",0
"46","4","Belgium","Unknown",NA,"0985b889a1fe4f4e1fb925061ac6fb2247f10875f5fcbe63eec2ab55ed68970e","NPS","BAL","d54123de468bd42ea00dafbd777f85fe5fa1ff6404d9838c007953c25c92a1c5",2021-02-05 11:57:31,2021-02-01,2021-01-31,"MB",0
"47","4","Belgium","Unknown",NA,"0985b889a1fe4f4e1fb925061ac6fb2247f10875f5fcbe63eec2ab55ed68970e","NPS","BAL","d54123de468bd42ea00dafbd777f85fe5fa1ff6404d9838c007953c25c92a1c5",2021-02-05 11:57:31,2021-02-01,2021-01-31,"BRSV",0
"48","4","Belgium","Unknown",NA,"0985b889a1fe4f4e1fb925061ac6fb2247f10875f5fcbe63eec2ab55ed68970e","NPS","BAL","d54123de468bd42ea00dafbd777f85fe5fa1ff6404d9838c007953c25c92a1c5",2021-02-05 11:57:31,2021-02-01,2021-01-31,"PI3",0
"49","4","Belgium","Unknown",NA,"0985b889a1fe4f4e1fb925061ac6fb2247f10875f5fcbe63eec2ab55ed68970e","NPS","BAL","d54123de468bd42ea00dafbd777f85fe5fa1ff6404d9838c007953c25c92a1c5",2021-02-05 11:57:31,2021-02-01,2021-01-31,"BCV",0
"50","4","Belgium","Unknown",NA,"10817df0e1576683281c68a35157e456c39ec64bd3887c0c8ca94b7a0fc38cc9","NPS","BAL","a5e45791a59e46e829080e10719763bd4297d8e7095859779a4d5c1fd10fe320",2021-04-29 13:43:49,2021-04-01,2021-04-25,"PM",0
"51","4","Belgium","Unknown",NA,"10817df0e1576683281c68a35157e456c39ec64bd3887c0c8ca94b7a0fc38cc9","NPS","BAL","a5e45791a59e46e829080e10719763bd4297d8e7095859779a4d5c1fd10fe320",2021-04-29 13:43:49,2021-04-01,2021-04-25,"MH",0
"52","4","Belgium","Unknown",NA,"10817df0e1576683281c68a35157e456c39ec64bd3887c0c8ca94b7a0fc38cc9","NPS","BAL","a5e45791a59e46e829080e10719763bd4297d8e7095859779a4d5c1fd10fe320",2021-04-29 13:43:49,2021-04-01,2021-04-25,"HS",0
"53","4","Belgium","Unknown",NA,"10817df0e1576683281c68a35157e456c39ec64bd3887c0c8ca94b7a0fc38cc9","NPS","BAL","a5e45791a59e46e829080e10719763bd4297d8e7095859779a4d5c1fd10fe320",2021-04-29 13:43:49,2021-04-01,2021-04-25,"MB",1
"54","4","Belgium","Unknown",NA,"10817df0e1576683281c68a35157e456c39ec64bd3887c0c8ca94b7a0fc38cc9","NPS","BAL","a5e45791a59e46e829080e10719763bd4297d8e7095859779a4d5c1fd10fe320",2021-04-29 13:43:49,2021-04-01,2021-04-25,"BRSV",0
"55","4","Belgium","Unknown",NA,"10817df0e1576683281c68a35157e456c39ec64bd3887c0c8ca94b7a0fc38cc9","NPS","BAL","a5e45791a59e46e829080e10719763bd4297d8e7095859779a4d5c1fd10fe320",2021-04-29 13:43:49,2021-04-01,2021-04-25,"PI3",0
"56","4","Belgium","Unknown",NA,"10817df0e1576683281c68a35157e456c39ec64bd3887c0c8ca94b7a0fc38cc9","NPS","BAL","a5e45791a59e46e829080e10719763bd4297d8e7095859779a4d5c1fd10fe320",2021-04-29 13:43:49,2021-04-01,2021-04-25,"BCV",0
"57","4","Belgium","Unknown",NA,"1180705d05bb5bbe13b426294cb548b184fe71c2e29c2c27215015992acd3b0b","NPS","BAL","3191ffaa05e8a18a1da8d6b8b84b58eb0ed465466b9555bd738c5bc81d990ba4",2021-11-12 11:27:02,2021-11-01,2021-11-07,"PM",0
"58","4","Belgium","Unknown",NA,"1180705d05bb5bbe13b426294cb548b184fe71c2e29c2c27215015992acd3b0b","NPS","BAL","3191ffaa05e8a18a1da8d6b8b84b58eb0ed465466b9555bd738c5bc81d990ba4",2021-11-12 11:27:02,2021-11-01,2021-11-07,"MH",0
"59","4","Belgium","Unknown",NA,"1180705d05bb5bbe13b426294cb548b184fe71c2e29c2c27215015992acd3b0b","NPS","BAL","3191ffaa05e8a18a1da8d6b8b84b58eb0ed465466b9555bd738c5bc81d990ba4",2021-11-12 11:27:02,2021-11-01,2021-11-07,"HS",0
"60","4","Belgium","Unknown",NA,"1180705d05bb5bbe13b426294cb548b184fe71c2e29c2c27215015992acd3b0b","NPS","BAL","3191ffaa05e8a18a1da8d6b8b84b58eb0ed465466b9555bd738c5bc81d990ba4",2021-11-12 11:27:02,2021-11-01,2021-11-07,"MB",1
"61","4","Belgium","Unknown",NA,"1180705d05bb5bbe13b426294cb548b184fe71c2e29c2c27215015992acd3b0b","NPS","BAL","3191ffaa05e8a18a1da8d6b8b84b58eb0ed465466b9555bd738c5bc81d990ba4",2021-11-12 11:27:02,2021-11-01,2021-11-07,"BRSV",0
"62","4","Belgium","Unknown",NA,"1180705d05bb5bbe13b426294cb548b184fe71c2e29c2c27215015992acd3b0b","NPS","BAL","3191ffaa05e8a18a1da8d6b8b84b58eb0ed465466b9555bd738c5bc81d990ba4",2021-11-12 11:27:02,2021-11-01,2021-11-07,"PI3",0
"63","4","Belgium","Unknown",NA,"1180705d05bb5bbe13b426294cb548b184fe71c2e29c2c27215015992acd3b0b","NPS","BAL","3191ffaa05e8a18a1da8d6b8b84b58eb0ed465466b9555bd738c5bc81d990ba4",2021-11-12 11:27:02,2021-11-01,2021-11-07,"BCV",0
"64","4","Belgium","Unknown",NA,"1390be8dcd7a201c1d032cd0a4740e39f3cbd5216c54d0ea2c7f888685a06eec","NPS","BAL","2fd71aea13702554c8966f3269f3501b0b9fe8ce43c025fe6cdea3549897492e",2022-06-29 10:16:32,2022-06-01,2022-06-26,"PM",0
"65","4","Belgium","Unknown",NA,"1390be8dcd7a201c1d032cd0a4740e39f3cbd5216c54d0ea2c7f888685a06eec","NPS","BAL","2fd71aea13702554c8966f3269f3501b0b9fe8ce43c025fe6cdea3549897492e",2022-06-29 10:16:32,2022-06-01,2022-06-26,"MH",0
"66","4","Belgium","Unknown",NA,"1390be8dcd7a201c1d032cd0a4740e39f3cbd5216c54d0ea2c7f888685a06eec","NPS","BAL","2fd71aea13702554c8966f3269f3501b0b9fe8ce43c025fe6cdea3549897492e",2022-06-29 10:16:32,2022-06-01,2022-06-26,"HS",0
"67","4","Belgium","Unknown",NA,"1390be8dcd7a201c1d032cd0a4740e39f3cbd5216c54d0ea2c7f888685a06eec","NPS","BAL","2fd71aea13702554c8966f3269f3501b0b9fe8ce43c025fe6cdea3549897492e",2022-06-29 10:16:32,2022-06-01,2022-06-26,"MB",0
"68","4","Belgium","Unknown",NA,"1390be8dcd7a201c1d032cd0a4740e39f3cbd5216c54d0ea2c7f888685a06eec","NPS","BAL","2fd71aea13702554c8966f3269f3501b0b9fe8ce43c025fe6cdea3549897492e",2022-06-29 10:16:32,2022-06-01,2022-06-26,"BRSV",0
"69","4","Belgium","Unknown",NA,"1390be8dcd7a201c1d032cd0a4740e39f3cbd5216c54d0ea2c7f888685a06eec","NPS","BAL","2fd71aea13702554c8966f3269f3501b0b9fe8ce43c025fe6cdea3549897492e",2022-06-29 10:16:32,2022-06-01,2022-06-26,"PI3",0
"70","4","Belgium","Unknown",NA,"1390be8dcd7a201c1d032cd0a4740e39f3cbd5216c54d0ea2c7f888685a06eec","NPS","BAL","2fd71aea13702554c8966f3269f3501b0b9fe8ce43c025fe6cdea3549897492e",2022-06-29 10:16:32,2022-06-01,2022-06-26,"BCV",0
"71","4","Belgium","Unknown",NA,"1559ee264f78d30713ca5108c5bd2e9ca4c310599271f326d46ac9a9d40b4147","NPS","BAL","c1e40f7d1fa5c011a140e192352a5184c96fd11f57e5c818772d6ec9e1aeda48",2022-01-14 12:04:04,2022-01-01,2022-01-09,"PM",0
"72","4","Belgium","Unknown",NA,"1559ee264f78d30713ca5108c5bd2e9ca4c310599271f326d46ac9a9d40b4147","NPS","BAL","c1e40f7d1fa5c011a140e192352a5184c96fd11f57e5c818772d6ec9e1aeda48",2022-01-14 12:04:04,2022-01-01,2022-01-09,"MH",0
"73","4","Belgium","Unknown",NA,"1559ee264f78d30713ca5108c5bd2e9ca4c310599271f326d46ac9a9d40b4147","NPS","BAL","c1e40f7d1fa5c011a140e192352a5184c96fd11f57e5c818772d6ec9e1aeda48",2022-01-14 12:04:04,2022-01-01,2022-01-09,"HS",0
"74","4","Belgium","Unknown",NA,"1559ee264f78d30713ca5108c5bd2e9ca4c310599271f326d46ac9a9d40b4147","NPS","BAL","c1e40f7d1fa5c011a140e192352a5184c96fd11f57e5c818772d6ec9e1aeda48",2022-01-14 12:04:04,2022-01-01,2022-01-09,"MB",0
"75","4","Belgium","Unknown",NA,"1559ee264f78d30713ca5108c5bd2e9ca4c310599271f326d46ac9a9d40b4147","NPS","BAL","c1e40f7d1fa5c011a140e192352a5184c96fd11f57e5c818772d6ec9e1aeda48",2022-01-14 12:04:04,2022-01-01,2022-01-09,"BRSV",0
"76","4","Belgium","Unknown",NA,"1559ee264f78d30713ca5108c5bd2e9ca4c310599271f326d46ac9a9d40b4147","NPS","BAL","c1e40f7d1fa5c011a140e192352a5184c96fd11f57e5c818772d6ec9e1aeda48",2022-01-14 12:04:04,2022-01-01,2022-01-09,"PI3",0
"77","4","Belgium","Unknown",NA,"1559ee264f78d30713ca5108c5bd2e9ca4c310599271f326d46ac9a9d40b4147","NPS","BAL","c1e40f7d1fa5c011a140e192352a5184c96fd11f57e5c818772d6ec9e1aeda48",2022-01-14 12:04:04,2022-01-01,2022-01-09,"BCV",0
"78","4","Belgium","Unknown",NA,"1935a0f59861db15c918c11e92b030f39101ea1957bc25de1def14c8517fadf4","NPS","BAL","173ae8ba5d237d0317485575cc7e111f704fae571a61c99ef12296fa13a73f46",2022-03-25 13:26:16,2022-03-01,2022-03-20,"PM",0
"79","4","Belgium","Unknown",NA,"1935a0f59861db15c918c11e92b030f39101ea1957bc25de1def14c8517fadf4","NPS","BAL","173ae8ba5d237d0317485575cc7e111f704fae571a61c99ef12296fa13a73f46",2022-03-25 13:26:16,2022-03-01,2022-03-20,"MH",0
"80","4","Belgium","Unknown",NA,"1935a0f59861db15c918c11e92b030f39101ea1957bc25de1def14c8517fadf4","NPS","BAL","173ae8ba5d237d0317485575cc7e111f704fae571a61c99ef12296fa13a73f46",2022-03-25 13:26:16,2022-03-01,2022-03-20,"HS",0
"81","4","Belgium","Unknown",NA,"1935a0f59861db15c918c11e92b030f39101ea1957bc25de1def14c8517fadf4","NPS","BAL","173ae8ba5d237d0317485575cc7e111f704fae571a61c99ef12296fa13a73f46",2022-03-25 13:26:16,2022-03-01,2022-03-20,"MB",1
"82","4","Belgium","Unknown",NA,"1935a0f59861db15c918c11e92b030f39101ea1957bc25de1def14c8517fadf4","NPS","BAL","173ae8ba5d237d0317485575cc7e111f704fae571a61c99ef12296fa13a73f46",2022-03-25 13:26:16,2022-03-01,2022-03-20,"BRSV",0
"83","4","Belgium","Unknown",NA,"1935a0f59861db15c918c11e92b030f39101ea1957bc25de1def14c8517fadf4","NPS","BAL","173ae8ba5d237d0317485575cc7e111f704fae571a61c99ef12296fa13a73f46",2022-03-25 13:26:16,2022-03-01,2022-03-20,"PI3",0
"84","4","Belgium","Unknown",NA,"1935a0f59861db15c918c11e92b030f39101ea1957bc25de1def14c8517fadf4","NPS","BAL","173ae8ba5d237d0317485575cc7e111f704fae571a61c99ef12296fa13a73f46",2022-03-25 13:26:16,2022-03-01,2022-03-20,"BCV",0
"85","4","Belgium","Unknown",NA,"1935a0f59861db15c918c11e92b030f39101ea1957bc25de1def14c8517fadf4","NPS","BAL","65a98449f077aa958ed8a22455e08c6316548b942430b0dff05d1d9bb60ce235",2022-03-25 13:26:16,2022-03-01,2022-03-20,"PM",0
"86","4","Belgium","Unknown",NA,"1935a0f59861db15c918c11e92b030f39101ea1957bc25de1def14c8517fadf4","NPS","BAL","65a98449f077aa958ed8a22455e08c6316548b942430b0dff05d1d9bb60ce235",2022-03-25 13:26:16,2022-03-01,2022-03-20,"MH",0
"87","4","Belgium","Unknown",NA,"1935a0f59861db15c918c11e92b030f39101ea1957bc25de1def14c8517fadf4","NPS","BAL","65a98449f077aa958ed8a22455e08c6316548b942430b0dff05d1d9bb60ce235",2022-03-25 13:26:16,2022-03-01,2022-03-20,"HS",0
"88","4","Belgium","Unknown",NA,"1935a0f59861db15c918c11e92b030f39101ea1957bc25de1def14c8517fadf4","NPS","BAL","65a98449f077aa958ed8a22455e08c6316548b942430b0dff05d1d9bb60ce235",2022-03-25 13:26:16,2022-03-01,2022-03-20,"MB",0
"89","4","Belgium","Unknown",NA,"1935a0f59861db15c918c11e92b030f39101ea1957bc25de1def14c8517fadf4","NPS","BAL","65a98449f077aa958ed8a22455e08c6316548b942430b0dff05d1d9bb60ce235",2022-03-25 13:26:16,2022-03-01,2022-03-20,"BRSV",0
"90","4","Belgium","Unknown",NA,"1935a0f59861db15c918c11e92b030f39101ea1957bc25de1def14c8517fadf4","NPS","BAL","65a98449f077aa958ed8a22455e08c6316548b942430b0dff05d1d9bb60ce235",2022-03-25 13:26:16,2022-03-01,2022-03-20,"PI3",0
"91","4","Belgium","Unknown",NA,"1935a0f59861db15c918c11e92b030f39101ea1957bc25de1def14c8517fadf4","NPS","BAL","65a98449f077aa958ed8a22455e08c6316548b942430b0dff05d1d9bb60ce235",2022-03-25 13:26:16,2022-03-01,2022-03-20,"BCV",0
"92","4","Belgium","Unknown",NA,"1935a0f59861db15c918c11e92b030f39101ea1957bc25de1def14c8517fadf4","NPS","BAL","8a9dd8ca8317aa590c6b22348000c17f51d1638cab16a7a0eea64c3b6c280b96",2022-03-25 13:26:16,2022-03-01,2022-03-20,"PM",0
"93","4","Belgium","Unknown",NA,"1935a0f59861db15c918c11e92b030f39101ea1957bc25de1def14c8517fadf4","NPS","BAL","8a9dd8ca8317aa590c6b22348000c17f51d1638cab16a7a0eea64c3b6c280b96",2022-03-25 13:26:16,2022-03-01,2022-03-20,"MH",0
"94","4","Belgium","Unknown",NA,"1935a0f59861db15c918c11e92b030f39101ea1957bc25de1def14c8517fadf4","NPS","BAL","8a9dd8ca8317aa590c6b22348000c17f51d1638cab16a7a0eea64c3b6c280b96",2022-03-25 13:26:16,2022-03-01,2022-03-20,"HS",0
"95","4","Belgium","Unknown",NA,"1935a0f59861db15c918c11e92b030f39101ea1957bc25de1def14c8517fadf4","NPS","BAL","8a9dd8ca8317aa590c6b22348000c17f51d1638cab16a7a0eea64c3b6c280b96",2022-03-25 13:26:16,2022-03-01,2022-03-20,"MB",0
"96","4","Belgium","Unknown",NA,"1935a0f59861db15c918c11e92b030f39101ea1957bc25de1def14c8517fadf4","NPS","BAL","8a9dd8ca8317aa590c6b22348000c17f51d1638cab16a7a0eea64c3b6c280b96",2022-03-25 13:26:16,2022-03-01,2022-03-20,"BRSV",0
"97","4","Belgium","Unknown",NA,"1935a0f59861db15c918c11e92b030f39101ea1957bc25de1def14c8517fadf4","NPS","BAL","8a9dd8ca8317aa590c6b22348000c17f51d1638cab16a7a0eea64c3b6c280b96",2022-03-25 13:26:16,2022-03-01,2022-03-20,"PI3",0
"98","4","Belgium","Unknown",NA,"1935a0f59861db15c918c11e92b030f39101ea1957bc25de1def14c8517fadf4","NPS","BAL","8a9dd8ca8317aa590c6b22348000c17f51d1638cab16a7a0eea64c3b6c280b96",2022-03-25 13:26:16,2022-03-01,2022-03-20,"BCV",0
"99","4","Belgium","Unknown",NA,"1935a0f59861db15c918c11e92b030f39101ea1957bc25de1def14c8517fadf4","NPS","BAL","c95118c20c208c0b75d68e81567b08ea9bf1010253a87fc6ab4337e8bd2ae692",2022-03-25 13:26:16,2022-03-01,2022-03-20,"PM",0
"100","4","Belgium","Unknown",NA,"1935a0f59861db15c918c11e92b030f39101ea1957bc25de1def14c8517fadf4","NPS","BAL","c95118c20c208c0b75d68e81567b08ea9bf1010253a87fc6ab4337e8bd2ae692",2022-03-25 13:26:16,2022-03-01,2022-03-20,"MH",0
"101","4","Belgium","Unknown",NA,"1935a0f59861db15c918c11e92b030f39101ea1957bc25de1def14c8517fadf4","NPS","BAL","c95118c20c208c0b75d68e81567b08ea9bf1010253a87fc6ab4337e8bd2ae692",2022-03-25 13:26:16,2022-03-01,2022-03-20,"HS",0
"102","4","Belgium","Unknown",NA,"1935a0f59861db15c918c11e92b030f39101ea1957bc25de1def14c8517fadf4","NPS","BAL","c95118c20c208c0b75d68e81567b08ea9bf1010253a87fc6ab4337e8bd2ae692",2022-03-25 13:26:16,2022-03-01,2022-03-20,"MB",1
"103","4","Belgium","Unknown",NA,"1935a0f59861db15c918c11e92b030f39101ea1957bc25de1def14c8517fadf4","NPS","BAL","c95118c20c208c0b75d68e81567b08ea9bf1010253a87fc6ab4337e8bd2ae692",2022-03-25 13:26:16,2022-03-01,2022-03-20,"BRSV",0
"104","4","Belgium","Unknown",NA,"1935a0f59861db15c918c11e92b030f39101ea1957bc25de1def14c8517fadf4","NPS","BAL","c95118c20c208c0b75d68e81567b08ea9bf1010253a87fc6ab4337e8bd2ae692",2022-03-25 13:26:16,2022-03-01,2022-03-20,"PI3",0
"105","4","Belgium","Unknown",NA,"1935a0f59861db15c918c11e92b030f39101ea1957bc25de1def14c8517fadf4","NPS","BAL","c95118c20c208c0b75d68e81567b08ea9bf1010253a87fc6ab4337e8bd2ae692",2022-03-25 13:26:16,2022-03-01,2022-03-20,"BCV",0
"106","4","Belgium","Unknown",NA,"1935a0f59861db15c918c11e92b030f39101ea1957bc25de1def14c8517fadf4","NPS","BAL","f1690b016b2ce31b088849aa9be974f7bc32ec926c6fec61d9493d48dc6fdd56",2022-03-25 13:26:16,2022-03-01,2022-03-20,"PM",0
"107","4","Belgium","Unknown",NA,"1935a0f59861db15c918c11e92b030f39101ea1957bc25de1def14c8517fadf4","NPS","BAL","f1690b016b2ce31b088849aa9be974f7bc32ec926c6fec61d9493d48dc6fdd56",2022-03-25 13:26:16,2022-03-01,2022-03-20,"MH",0
"108","4","Belgium","Unknown",NA,"1935a0f59861db15c918c11e92b030f39101ea1957bc25de1def14c8517fadf4","NPS","BAL","f1690b016b2ce31b088849aa9be974f7bc32ec926c6fec61d9493d48dc6fdd56",2022-03-25 13:26:16,2022-03-01,2022-03-20,"HS",0
"109","4","Belgium","Unknown",NA,"1935a0f59861db15c918c11e92b030f39101ea1957bc25de1def14c8517fadf4","NPS","BAL","f1690b016b2ce31b088849aa9be974f7bc32ec926c6fec61d9493d48dc6fdd56",2022-03-25 13:26:16,2022-03-01,2022-03-20,"MB",1
"110","4","Belgium","Unknown",NA,"1935a0f59861db15c918c11e92b030f39101ea1957bc25de1def14c8517fadf4","NPS","BAL","f1690b016b2ce31b088849aa9be974f7bc32ec926c6fec61d9493d48dc6fdd56",2022-03-25 13:26:16,2022-03-01,2022-03-20,"BRSV",0
"111","4","Belgium","Unknown",NA,"1935a0f59861db15c918c11e92b030f39101ea1957bc25de1def14c8517fadf4","NPS","BAL","f1690b016b2ce31b088849aa9be974f7bc32ec926c6fec61d9493d48dc6fdd56",2022-03-25 13:26:16,2022-03-01,2022-03-20,"PI3",0
"112","4","Belgium","Unknown",NA,"1935a0f59861db15c918c11e92b030f39101ea1957bc25de1def14c8517fadf4","NPS","BAL","f1690b016b2ce31b088849aa9be974f7bc32ec926c6fec61d9493d48dc6fdd56",2022-03-25 13:26:16,2022-03-01,2022-03-20,"BCV",0
"113","4","Belgium","Unknown",NA,"1adb67461a4c3739283e6b97ba7984e0d4b024a4dcbf1f341c389f0c581fde4a","NPS","BAL","5e5e556737725010e9ba913bee062e9b71681ac0c0f55c7278b5b6795f0e9b3e",2022-01-04 09:32:01,2022-01-01,2022-01-02,"PM",0
"114","4","Belgium","Unknown",NA,"1adb67461a4c3739283e6b97ba7984e0d4b024a4dcbf1f341c389f0c581fde4a","NPS","BAL","5e5e556737725010e9ba913bee062e9b71681ac0c0f55c7278b5b6795f0e9b3e",2022-01-04 09:32:01,2022-01-01,2022-01-02,"MH",0
"115","4","Belgium","Unknown",NA,"1adb67461a4c3739283e6b97ba7984e0d4b024a4dcbf1f341c389f0c581fde4a","NPS","BAL","5e5e556737725010e9ba913bee062e9b71681ac0c0f55c7278b5b6795f0e9b3e",2022-01-04 09:32:01,2022-01-01,2022-01-02,"HS",0
"116","4","Belgium","Unknown",NA,"1adb67461a4c3739283e6b97ba7984e0d4b024a4dcbf1f341c389f0c581fde4a","NPS","BAL","5e5e556737725010e9ba913bee062e9b71681ac0c0f55c7278b5b6795f0e9b3e",2022-01-04 09:32:01,2022-01-01,2022-01-02,"MB",0
"117","4","Belgium","Unknown",NA,"1adb67461a4c3739283e6b97ba7984e0d4b024a4dcbf1f341c389f0c581fde4a","NPS","BAL","5e5e556737725010e9ba913bee062e9b71681ac0c0f55c7278b5b6795f0e9b3e",2022-01-04 09:32:01,2022-01-01,2022-01-02,"BRSV",0
"118","4","Belgium","Unknown",NA,"1adb67461a4c3739283e6b97ba7984e0d4b024a4dcbf1f341c389f0c581fde4a","NPS","BAL","5e5e556737725010e9ba913bee062e9b71681ac0c0f55c7278b5b6795f0e9b3e",2022-01-04 09:32:01,2022-01-01,2022-01-02,"PI3",0
"119","4","Belgium","Unknown",NA,"1adb67461a4c3739283e6b97ba7984e0d4b024a4dcbf1f341c389f0c581fde4a","NPS","BAL","5e5e556737725010e9ba913bee062e9b71681ac0c0f55c7278b5b6795f0e9b3e",2022-01-04 09:32:01,2022-01-01,2022-01-02,"BCV",0
"120","4","Belgium","Unknown",NA,"1bf1888de5d3c99f6abbca4a7c15aa217ae1ca9a9f607f62535f63fe9f404f97","NPS","Swab","dfd1d4a1debd62f53b78d5b38f51488e706dab3059cc5c599074d286562aebf9",2022-03-22 09:32:50,2022-03-01,2022-03-20,"PM",0
"121","4","Belgium","Unknown",NA,"1bf1888de5d3c99f6abbca4a7c15aa217ae1ca9a9f607f62535f63fe9f404f97","NPS","Swab","dfd1d4a1debd62f53b78d5b38f51488e706dab3059cc5c599074d286562aebf9",2022-03-22 09:32:50,2022-03-01,2022-03-20,"MH",0
"122","4","Belgium","Unknown",NA,"1bf1888de5d3c99f6abbca4a7c15aa217ae1ca9a9f607f62535f63fe9f404f97","NPS","Swab","dfd1d4a1debd62f53b78d5b38f51488e706dab3059cc5c599074d286562aebf9",2022-03-22 09:32:50,2022-03-01,2022-03-20,"HS",0
"123","4","Belgium","Unknown",NA,"1bf1888de5d3c99f6abbca4a7c15aa217ae1ca9a9f607f62535f63fe9f404f97","NPS","Swab","dfd1d4a1debd62f53b78d5b38f51488e706dab3059cc5c599074d286562aebf9",2022-03-22 09:32:50,2022-03-01,2022-03-20,"MB",0
"124","4","Belgium","Unknown",NA,"1bf1888de5d3c99f6abbca4a7c15aa217ae1ca9a9f607f62535f63fe9f404f97","NPS","Swab","dfd1d4a1debd62f53b78d5b38f51488e706dab3059cc5c599074d286562aebf9",2022-03-22 09:32:50,2022-03-01,2022-03-20,"BRSV",0
"125","4","Belgium","Unknown",NA,"1bf1888de5d3c99f6abbca4a7c15aa217ae1ca9a9f607f62535f63fe9f404f97","NPS","Swab","dfd1d4a1debd62f53b78d5b38f51488e706dab3059cc5c599074d286562aebf9",2022-03-22 09:32:50,2022-03-01,2022-03-20,"PI3",0
"126","4","Belgium","Unknown",NA,"1bf1888de5d3c99f6abbca4a7c15aa217ae1ca9a9f607f62535f63fe9f404f97","NPS","Swab","dfd1d4a1debd62f53b78d5b38f51488e706dab3059cc5c599074d286562aebf9",2022-03-22 09:32:50,2022-03-01,2022-03-20,"BCV",1
"127","4","Belgium","Unknown",NA,"1cdabc0d91a051251a6e7b1bd972f6cb63daafcee9a8256d9e1a1fa8f95ee086","NPS","BAL","2ec42bc1f3e672fc1cf7fdcfc23246415dcf20f03c0d4a5bbbd92a185708f5b7",2020-09-28 10:49:48,2020-09-01,2020-09-27,"PM",0
"128","4","Belgium","Unknown",NA,"1cdabc0d91a051251a6e7b1bd972f6cb63daafcee9a8256d9e1a1fa8f95ee086","NPS","BAL","2ec42bc1f3e672fc1cf7fdcfc23246415dcf20f03c0d4a5bbbd92a185708f5b7",2020-09-28 10:49:48,2020-09-01,2020-09-27,"MH",0
"129","4","Belgium","Unknown",NA,"1cdabc0d91a051251a6e7b1bd972f6cb63daafcee9a8256d9e1a1fa8f95ee086","NPS","BAL","2ec42bc1f3e672fc1cf7fdcfc23246415dcf20f03c0d4a5bbbd92a185708f5b7",2020-09-28 10:49:48,2020-09-01,2020-09-27,"HS",0
"130","4","Belgium","Unknown",NA,"1cdabc0d91a051251a6e7b1bd972f6cb63daafcee9a8256d9e1a1fa8f95ee086","NPS","BAL","2ec42bc1f3e672fc1cf7fdcfc23246415dcf20f03c0d4a5bbbd92a185708f5b7",2020-09-28 10:49:48,2020-09-01,2020-09-27,"MB",0
"131","4","Belgium","Unknown",NA,"1cdabc0d91a051251a6e7b1bd972f6cb63daafcee9a8256d9e1a1fa8f95ee086","NPS","BAL","2ec42bc1f3e672fc1cf7fdcfc23246415dcf20f03c0d4a5bbbd92a185708f5b7",2020-09-28 10:49:48,2020-09-01,2020-09-27,"BRSV",0
"132","4","Belgium","Unknown",NA,"1cdabc0d91a051251a6e7b1bd972f6cb63daafcee9a8256d9e1a1fa8f95ee086","NPS","BAL","2ec42bc1f3e672fc1cf7fdcfc23246415dcf20f03c0d4a5bbbd92a185708f5b7",2020-09-28 10:49:48,2020-09-01,2020-09-27,"PI3",0
"133","4","Belgium","Unknown",NA,"1cdabc0d91a051251a6e7b1bd972f6cb63daafcee9a8256d9e1a1fa8f95ee086","NPS","BAL","2ec42bc1f3e672fc1cf7fdcfc23246415dcf20f03c0d4a5bbbd92a185708f5b7",2020-09-28 10:49:48,2020-09-01,2020-09-27,"BCV",0
"134","4","Belgium","Unknown",NA,"2021dc8bd93e4492bf258d9d18eabf53579b19c8c97bbcebaf0619d9eba587cb","NPS","BAL","a3d951e968e6ca5ee3af64eab235842c06af694b9943eea7fc81eacd738e7224",2021-04-16 14:05:55,2021-04-01,2021-04-11,"PM",0
"135","4","Belgium","Unknown",NA,"2021dc8bd93e4492bf258d9d18eabf53579b19c8c97bbcebaf0619d9eba587cb","NPS","BAL","a3d951e968e6ca5ee3af64eab235842c06af694b9943eea7fc81eacd738e7224",2021-04-16 14:05:55,2021-04-01,2021-04-11,"MH",0
"136","4","Belgium","Unknown",NA,"2021dc8bd93e4492bf258d9d18eabf53579b19c8c97bbcebaf0619d9eba587cb","NPS","BAL","a3d951e968e6ca5ee3af64eab235842c06af694b9943eea7fc81eacd738e7224",2021-04-16 14:05:55,2021-04-01,2021-04-11,"HS",0
"137","4","Belgium","Unknown",NA,"2021dc8bd93e4492bf258d9d18eabf53579b19c8c97bbcebaf0619d9eba587cb","NPS","BAL","a3d951e968e6ca5ee3af64eab235842c06af694b9943eea7fc81eacd738e7224",2021-04-16 14:05:55,2021-04-01,2021-04-11,"MB",0
"138","4","Belgium","Unknown",NA,"2021dc8bd93e4492bf258d9d18eabf53579b19c8c97bbcebaf0619d9eba587cb","NPS","BAL","a3d951e968e6ca5ee3af64eab235842c06af694b9943eea7fc81eacd738e7224",2021-04-16 14:05:55,2021-04-01,2021-04-11,"BRSV",0
"139","4","Belgium","Unknown",NA,"2021dc8bd93e4492bf258d9d18eabf53579b19c8c97bbcebaf0619d9eba587cb","NPS","BAL","a3d951e968e6ca5ee3af64eab235842c06af694b9943eea7fc81eacd738e7224",2021-04-16 14:05:55,2021-04-01,2021-04-11,"PI3",0
"140","4","Belgium","Unknown",NA,"2021dc8bd93e4492bf258d9d18eabf53579b19c8c97bbcebaf0619d9eba587cb","NPS","BAL","a3d951e968e6ca5ee3af64eab235842c06af694b9943eea7fc81eacd738e7224",2021-04-16 14:05:55,2021-04-01,2021-04-11,"BCV",0
"141","4","Belgium","Unknown",NA,"23850eb82a923c694afcff74746bfec1af8099c034e73eff71978fcef7a23fd3","NPS","BAL","abe0ccdc1f6402ee65627d5f95700af1e5914d113f02db83567212fa036f54d2",2021-10-29 10:09:56,2021-10-01,2021-10-24,"PM",0
"142","4","Belgium","Unknown",NA,"23850eb82a923c694afcff74746bfec1af8099c034e73eff71978fcef7a23fd3","NPS","BAL","abe0ccdc1f6402ee65627d5f95700af1e5914d113f02db83567212fa036f54d2",2021-10-29 10:09:56,2021-10-01,2021-10-24,"MH",0
"143","4","Belgium","Unknown",NA,"23850eb82a923c694afcff74746bfec1af8099c034e73eff71978fcef7a23fd3","NPS","BAL","abe0ccdc1f6402ee65627d5f95700af1e5914d113f02db83567212fa036f54d2",2021-10-29 10:09:56,2021-10-01,2021-10-24,"HS",0
"144","4","Belgium","Unknown",NA,"23850eb82a923c694afcff74746bfec1af8099c034e73eff71978fcef7a23fd3","NPS","BAL","abe0ccdc1f6402ee65627d5f95700af1e5914d113f02db83567212fa036f54d2",2021-10-29 10:09:56,2021-10-01,2021-10-24,"MB",0
"145","4","Belgium","Unknown",NA,"23850eb82a923c694afcff74746bfec1af8099c034e73eff71978fcef7a23fd3","NPS","BAL","abe0ccdc1f6402ee65627d5f95700af1e5914d113f02db83567212fa036f54d2",2021-10-29 10:09:56,2021-10-01,2021-10-24,"BRSV",0
"146","4","Belgium","Unknown",NA,"23850eb82a923c694afcff74746bfec1af8099c034e73eff71978fcef7a23fd3","NPS","BAL","abe0ccdc1f6402ee65627d5f95700af1e5914d113f02db83567212fa036f54d2",2021-10-29 10:09:56,2021-10-01,2021-10-24,"PI3",0
"147","4","Belgium","Unknown",NA,"23850eb82a923c694afcff74746bfec1af8099c034e73eff71978fcef7a23fd3","NPS","BAL","abe0ccdc1f6402ee65627d5f95700af1e5914d113f02db83567212fa036f54d2",2021-10-29 10:09:56,2021-10-01,2021-10-24,"BCV",0
"148","4","Belgium","Unknown",NA,"23850eb82a923c694afcff74746bfec1af8099c034e73eff71978fcef7a23fd3","NPS","BAL","afb36973671a3f3a0d2b2078c1d9aac9f2d019b374de201c25942dc3a2e62d15",2021-10-29 10:09:56,2021-10-01,2021-10-24,"PM",0
"149","4","Belgium","Unknown",NA,"23850eb82a923c694afcff74746bfec1af8099c034e73eff71978fcef7a23fd3","NPS","BAL","afb36973671a3f3a0d2b2078c1d9aac9f2d019b374de201c25942dc3a2e62d15",2021-10-29 10:09:56,2021-10-01,2021-10-24,"MH",0
"150","4","Belgium","Unknown",NA,"23850eb82a923c694afcff74746bfec1af8099c034e73eff71978fcef7a23fd3","NPS","BAL","afb36973671a3f3a0d2b2078c1d9aac9f2d019b374de201c25942dc3a2e62d15",2021-10-29 10:09:56,2021-10-01,2021-10-24,"HS",0
"151","4","Belgium","Unknown",NA,"23850eb82a923c694afcff74746bfec1af8099c034e73eff71978fcef7a23fd3","NPS","BAL","afb36973671a3f3a0d2b2078c1d9aac9f2d019b374de201c25942dc3a2e62d15",2021-10-29 10:09:56,2021-10-01,2021-10-24,"MB",0
"152","4","Belgium","Unknown",NA,"23850eb82a923c694afcff74746bfec1af8099c034e73eff71978fcef7a23fd3","NPS","BAL","afb36973671a3f3a0d2b2078c1d9aac9f2d019b374de201c25942dc3a2e62d15",2021-10-29 10:09:56,2021-10-01,2021-10-24,"BRSV",0
"153","4","Belgium","Unknown",NA,"23850eb82a923c694afcff74746bfec1af8099c034e73eff71978fcef7a23fd3","NPS","BAL","afb36973671a3f3a0d2b2078c1d9aac9f2d019b374de201c25942dc3a2e62d15",2021-10-29 10:09:56,2021-10-01,2021-10-24,"PI3",0
"154","4","Belgium","Unknown",NA,"23850eb82a923c694afcff74746bfec1af8099c034e73eff71978fcef7a23fd3","NPS","BAL","afb36973671a3f3a0d2b2078c1d9aac9f2d019b374de201c25942dc3a2e62d15",2021-10-29 10:09:56,2021-10-01,2021-10-24,"BCV",0
"155","4","Belgium","Unknown",NA,"23850eb82a923c694afcff74746bfec1af8099c034e73eff71978fcef7a23fd3","NPS","BAL","d0f0593601de6483b1854b42e4f6d7642ddd6d154c76a1497dd0e1a17e353fa9",2021-10-29 10:09:56,2021-10-01,2021-10-24,"PM",0
"156","4","Belgium","Unknown",NA,"23850eb82a923c694afcff74746bfec1af8099c034e73eff71978fcef7a23fd3","NPS","BAL","d0f0593601de6483b1854b42e4f6d7642ddd6d154c76a1497dd0e1a17e353fa9",2021-10-29 10:09:56,2021-10-01,2021-10-24,"MH",0
"157","4","Belgium","Unknown",NA,"23850eb82a923c694afcff74746bfec1af8099c034e73eff71978fcef7a23fd3","NPS","BAL","d0f0593601de6483b1854b42e4f6d7642ddd6d154c76a1497dd0e1a17e353fa9",2021-10-29 10:09:56,2021-10-01,2021-10-24,"HS",0
"158","4","Belgium","Unknown",NA,"23850eb82a923c694afcff74746bfec1af8099c034e73eff71978fcef7a23fd3","NPS","BAL","d0f0593601de6483b1854b42e4f6d7642ddd6d154c76a1497dd0e1a17e353fa9",2021-10-29 10:09:56,2021-10-01,2021-10-24,"MB",0
"159","4","Belgium","Unknown",NA,"23850eb82a923c694afcff74746bfec1af8099c034e73eff71978fcef7a23fd3","NPS","BAL","d0f0593601de6483b1854b42e4f6d7642ddd6d154c76a1497dd0e1a17e353fa9",2021-10-29 10:09:56,2021-10-01,2021-10-24,"BRSV",0
"160","4","Belgium","Unknown",NA,"23850eb82a923c694afcff74746bfec1af8099c034e73eff71978fcef7a23fd3","NPS","BAL","d0f0593601de6483b1854b42e4f6d7642ddd6d154c76a1497dd0e1a17e353fa9",2021-10-29 10:09:56,2021-10-01,2021-10-24,"PI3",0
"161","4","Belgium","Unknown",NA,"23850eb82a923c694afcff74746bfec1af8099c034e73eff71978fcef7a23fd3","NPS","BAL","d0f0593601de6483b1854b42e4f6d7642ddd6d154c76a1497dd0e1a17e353fa9",2021-10-29 10:09:56,2021-10-01,2021-10-24,"BCV",0
"162","4","Belgium","Unknown",NA,"258f31fc369c1710e953a91439474bdc4d36b4211c679761a6ac5bbee7dd64ff","NPS","BAL","af0d765a96669328d17a953ec87bff37165eecfa80a5ba410f90db8389f8c497",2021-11-18 16:28:51,2021-11-01,2021-11-14,"PM",0
"163","4","Belgium","Unknown",NA,"258f31fc369c1710e953a91439474bdc4d36b4211c679761a6ac5bbee7dd64ff","NPS","BAL","af0d765a96669328d17a953ec87bff37165eecfa80a5ba410f90db8389f8c497",2021-11-18 16:28:51,2021-11-01,2021-11-14,"MH",0
"164","4","Belgium","Unknown",NA,"258f31fc369c1710e953a91439474bdc4d36b4211c679761a6ac5bbee7dd64ff","NPS","BAL","af0d765a96669328d17a953ec87bff37165eecfa80a5ba410f90db8389f8c497",2021-11-18 16:28:51,2021-11-01,2021-11-14,"HS",0
"165","4","Belgium","Unknown",NA,"258f31fc369c1710e953a91439474bdc4d36b4211c679761a6ac5bbee7dd64ff","NPS","BAL","af0d765a96669328d17a953ec87bff37165eecfa80a5ba410f90db8389f8c497",2021-11-18 16:28:51,2021-11-01,2021-11-14,"MB",0
"166","4","Belgium","Unknown",NA,"258f31fc369c1710e953a91439474bdc4d36b4211c679761a6ac5bbee7dd64ff","NPS","BAL","af0d765a96669328d17a953ec87bff37165eecfa80a5ba410f90db8389f8c497",2021-11-18 16:28:51,2021-11-01,2021-11-14,"BRSV",0
"167","4","Belgium","Unknown",NA,"258f31fc369c1710e953a91439474bdc4d36b4211c679761a6ac5bbee7dd64ff","NPS","BAL","af0d765a96669328d17a953ec87bff37165eecfa80a5ba410f90db8389f8c497",2021-11-18 16:28:51,2021-11-01,2021-11-14,"PI3",0
"168","4","Belgium","Unknown",NA,"258f31fc369c1710e953a91439474bdc4d36b4211c679761a6ac5bbee7dd64ff","NPS","BAL","af0d765a96669328d17a953ec87bff37165eecfa80a5ba410f90db8389f8c497",2021-11-18 16:28:51,2021-11-01,2021-11-14,"BCV",0
"169","4","Belgium","Unknown",NA,"28b51b9809bf29259b60ea6c65ba866c148e19c46aa9353fafe4b5d3b58cf6e5","NPS","Swab","727a25d0f92f6ff003501c8b8814da9125baf12a8930a2c86607370a92e18adf",2021-09-01 15:31:51,2021-09-01,2021-08-29,"PM",0
"170","4","Belgium","Unknown",NA,"28b51b9809bf29259b60ea6c65ba866c148e19c46aa9353fafe4b5d3b58cf6e5","NPS","Swab","727a25d0f92f6ff003501c8b8814da9125baf12a8930a2c86607370a92e18adf",2021-09-01 15:31:51,2021-09-01,2021-08-29,"MH",0
"171","4","Belgium","Unknown",NA,"28b51b9809bf29259b60ea6c65ba866c148e19c46aa9353fafe4b5d3b58cf6e5","NPS","Swab","727a25d0f92f6ff003501c8b8814da9125baf12a8930a2c86607370a92e18adf",2021-09-01 15:31:51,2021-09-01,2021-08-29,"HS",0
"172","4","Belgium","Unknown",NA,"28b51b9809bf29259b60ea6c65ba866c148e19c46aa9353fafe4b5d3b58cf6e5","NPS","Swab","727a25d0f92f6ff003501c8b8814da9125baf12a8930a2c86607370a92e18adf",2021-09-01 15:31:51,2021-09-01,2021-08-29,"MB",0
"173","4","Belgium","Unknown",NA,"28b51b9809bf29259b60ea6c65ba866c148e19c46aa9353fafe4b5d3b58cf6e5","NPS","Swab","727a25d0f92f6ff003501c8b8814da9125baf12a8930a2c86607370a92e18adf",2021-09-01 15:31:51,2021-09-01,2021-08-29,"BRSV",0
"174","4","Belgium","Unknown",NA,"28b51b9809bf29259b60ea6c65ba866c148e19c46aa9353fafe4b5d3b58cf6e5","NPS","Swab","727a25d0f92f6ff003501c8b8814da9125baf12a8930a2c86607370a92e18adf",2021-09-01 15:31:51,2021-09-01,2021-08-29,"PI3",0
"175","4","Belgium","Unknown",NA,"28b51b9809bf29259b60ea6c65ba866c148e19c46aa9353fafe4b5d3b58cf6e5","NPS","Swab","727a25d0f92f6ff003501c8b8814da9125baf12a8930a2c86607370a92e18adf",2021-09-01 15:31:51,2021-09-01,2021-08-29,"BCV",0
"176","4","Belgium","Unknown",NA,"29938b66ee9c52a06b24f1e22ff114701a707dc9f1683f9f52af41ab675ab013","NPS","BAL","1219bf7ef233f04506fd19179a7dcc4c43026cbf4cafe56c6b1aee5d057e6944",2022-06-01 11:31:26,2022-06-01,2022-05-29,"PM",0
"177","4","Belgium","Unknown",NA,"29938b66ee9c52a06b24f1e22ff114701a707dc9f1683f9f52af41ab675ab013","NPS","BAL","1219bf7ef233f04506fd19179a7dcc4c43026cbf4cafe56c6b1aee5d057e6944",2022-06-01 11:31:26,2022-06-01,2022-05-29,"MH",0
"178","4","Belgium","Unknown",NA,"29938b66ee9c52a06b24f1e22ff114701a707dc9f1683f9f52af41ab675ab013","NPS","BAL","1219bf7ef233f04506fd19179a7dcc4c43026cbf4cafe56c6b1aee5d057e6944",2022-06-01 11:31:26,2022-06-01,2022-05-29,"HS",0
"179","4","Belgium","Unknown",NA,"29938b66ee9c52a06b24f1e22ff114701a707dc9f1683f9f52af41ab675ab013","NPS","BAL","1219bf7ef233f04506fd19179a7dcc4c43026cbf4cafe56c6b1aee5d057e6944",2022-06-01 11:31:26,2022-06-01,2022-05-29,"MB",0
"180","4","Belgium","Unknown",NA,"29938b66ee9c52a06b24f1e22ff114701a707dc9f1683f9f52af41ab675ab013","NPS","BAL","1219bf7ef233f04506fd19179a7dcc4c43026cbf4cafe56c6b1aee5d057e6944",2022-06-01 11:31:26,2022-06-01,2022-05-29,"BRSV",1
"181","4","Belgium","Unknown",NA,"29938b66ee9c52a06b24f1e22ff114701a707dc9f1683f9f52af41ab675ab013","NPS","BAL","1219bf7ef233f04506fd19179a7dcc4c43026cbf4cafe56c6b1aee5d057e6944",2022-06-01 11:31:26,2022-06-01,2022-05-29,"PI3",0
"182","4","Belgium","Unknown",NA,"29938b66ee9c52a06b24f1e22ff114701a707dc9f1683f9f52af41ab675ab013","NPS","BAL","1219bf7ef233f04506fd19179a7dcc4c43026cbf4cafe56c6b1aee5d057e6944",2022-06-01 11:31:26,2022-06-01,2022-05-29,"BCV",0
"183","4","Belgium","Unknown",NA,"29938b66ee9c52a06b24f1e22ff114701a707dc9f1683f9f52af41ab675ab013","NPS","BAL","16f5fa5ce97e1f40489a2fde3bb4dfb69dc4d621a42a0dc85a942d01570c30b1",2022-06-01 11:31:26,2022-06-01,2022-05-29,"PM",0
"184","4","Belgium","Unknown",NA,"29938b66ee9c52a06b24f1e22ff114701a707dc9f1683f9f52af41ab675ab013","NPS","BAL","16f5fa5ce97e1f40489a2fde3bb4dfb69dc4d621a42a0dc85a942d01570c30b1",2022-06-01 11:31:26,2022-06-01,2022-05-29,"MH",0
"185","4","Belgium","Unknown",NA,"29938b66ee9c52a06b24f1e22ff114701a707dc9f1683f9f52af41ab675ab013","NPS","BAL","16f5fa5ce97e1f40489a2fde3bb4dfb69dc4d621a42a0dc85a942d01570c30b1",2022-06-01 11:31:26,2022-06-01,2022-05-29,"HS",0
"186","4","Belgium","Unknown",NA,"29938b66ee9c52a06b24f1e22ff114701a707dc9f1683f9f52af41ab675ab013","NPS","BAL","16f5fa5ce97e1f40489a2fde3bb4dfb69dc4d621a42a0dc85a942d01570c30b1",2022-06-01 11:31:26,2022-06-01,2022-05-29,"MB",0
"187","4","Belgium","Unknown",NA,"29938b66ee9c52a06b24f1e22ff114701a707dc9f1683f9f52af41ab675ab013","NPS","BAL","16f5fa5ce97e1f40489a2fde3bb4dfb69dc4d621a42a0dc85a942d01570c30b1",2022-06-01 11:31:26,2022-06-01,2022-05-29,"BRSV",0
"188","4","Belgium","Unknown",NA,"29938b66ee9c52a06b24f1e22ff114701a707dc9f1683f9f52af41ab675ab013","NPS","BAL","16f5fa5ce97e1f40489a2fde3bb4dfb69dc4d621a42a0dc85a942d01570c30b1",2022-06-01 11:31:26,2022-06-01,2022-05-29,"PI3",0
"189","4","Belgium","Unknown",NA,"29938b66ee9c52a06b24f1e22ff114701a707dc9f1683f9f52af41ab675ab013","NPS","BAL","16f5fa5ce97e1f40489a2fde3bb4dfb69dc4d621a42a0dc85a942d01570c30b1",2022-06-01 11:31:26,2022-06-01,2022-05-29,"BCV",0
"190","4","Belgium","Unknown",NA,"29938b66ee9c52a06b24f1e22ff114701a707dc9f1683f9f52af41ab675ab013","NPS","BAL","1fda00bb3e47585d6ec00b01a3247d8022f43703344a68e26a7ace1f49ccae7e",2022-06-01 11:31:26,2022-06-01,2022-05-29,"PM",0
"191","4","Belgium","Unknown",NA,"29938b66ee9c52a06b24f1e22ff114701a707dc9f1683f9f52af41ab675ab013","NPS","BAL","1fda00bb3e47585d6ec00b01a3247d8022f43703344a68e26a7ace1f49ccae7e",2022-06-01 11:31:26,2022-06-01,2022-05-29,"MH",0
"192","4","Belgium","Unknown",NA,"29938b66ee9c52a06b24f1e22ff114701a707dc9f1683f9f52af41ab675ab013","NPS","BAL","1fda00bb3e47585d6ec00b01a3247d8022f43703344a68e26a7ace1f49ccae7e",2022-06-01 11:31:26,2022-06-01,2022-05-29,"HS",0
"193","4","Belgium","Unknown",NA,"29938b66ee9c52a06b24f1e22ff114701a707dc9f1683f9f52af41ab675ab013","NPS","BAL","1fda00bb3e47585d6ec00b01a3247d8022f43703344a68e26a7ace1f49ccae7e",2022-06-01 11:31:26,2022-06-01,2022-05-29,"MB",0
"194","4","Belgium","Unknown",NA,"29938b66ee9c52a06b24f1e22ff114701a707dc9f1683f9f52af41ab675ab013","NPS","BAL","1fda00bb3e47585d6ec00b01a3247d8022f43703344a68e26a7ace1f49ccae7e",2022-06-01 11:31:26,2022-06-01,2022-05-29,"BRSV",0
"195","4","Belgium","Unknown",NA,"29938b66ee9c52a06b24f1e22ff114701a707dc9f1683f9f52af41ab675ab013","NPS","BAL","1fda00bb3e47585d6ec00b01a3247d8022f43703344a68e26a7ace1f49ccae7e",2022-06-01 11:31:26,2022-06-01,2022-05-29,"PI3",0
"196","4","Belgium","Unknown",NA,"29938b66ee9c52a06b24f1e22ff114701a707dc9f1683f9f52af41ab675ab013","NPS","BAL","1fda00bb3e47585d6ec00b01a3247d8022f43703344a68e26a7ace1f49ccae7e",2022-06-01 11:31:26,2022-06-01,2022-05-29,"BCV",0
"197","4","Belgium","Unknown",NA,"29938b66ee9c52a06b24f1e22ff114701a707dc9f1683f9f52af41ab675ab013","NPS","BAL","728f1a293713aa90cd0d5cf3348be9da81275168c3aef4285f71505f18c5d171",2022-06-01 11:31:26,2022-06-01,2022-05-29,"PM",0
"198","4","Belgium","Unknown",NA,"29938b66ee9c52a06b24f1e22ff114701a707dc9f1683f9f52af41ab675ab013","NPS","BAL","728f1a293713aa90cd0d5cf3348be9da81275168c3aef4285f71505f18c5d171",2022-06-01 11:31:26,2022-06-01,2022-05-29,"MH",0
"199","4","Belgium","Unknown",NA,"29938b66ee9c52a06b24f1e22ff114701a707dc9f1683f9f52af41ab675ab013","NPS","BAL","728f1a293713aa90cd0d5cf3348be9da81275168c3aef4285f71505f18c5d171",2022-06-01 11:31:26,2022-06-01,2022-05-29,"HS",0
"200","4","Belgium","Unknown",NA,"29938b66ee9c52a06b24f1e22ff114701a707dc9f1683f9f52af41ab675ab013","NPS","BAL","728f1a293713aa90cd0d5cf3348be9da81275168c3aef4285f71505f18c5d171",2022-06-01 11:31:26,2022-06-01,2022-05-29,"MB",0
"201","4","Belgium","Unknown",NA,"29938b66ee9c52a06b24f1e22ff114701a707dc9f1683f9f52af41ab675ab013","NPS","BAL","728f1a293713aa90cd0d5cf3348be9da81275168c3aef4285f71505f18c5d171",2022-06-01 11:31:26,2022-06-01,2022-05-29,"BRSV",0
"202","4","Belgium","Unknown",NA,"29938b66ee9c52a06b24f1e22ff114701a707dc9f1683f9f52af41ab675ab013","NPS","BAL","728f1a293713aa90cd0d5cf3348be9da81275168c3aef4285f71505f18c5d171",2022-06-01 11:31:26,2022-06-01,2022-05-29,"PI3",0
"203","4","Belgium","Unknown",NA,"29938b66ee9c52a06b24f1e22ff114701a707dc9f1683f9f52af41ab675ab013","NPS","BAL","728f1a293713aa90cd0d5cf3348be9da81275168c3aef4285f71505f18c5d171",2022-06-01 11:31:26,2022-06-01,2022-05-29,"BCV",0
"204","4","Belgium","Unknown",NA,"29938b66ee9c52a06b24f1e22ff114701a707dc9f1683f9f52af41ab675ab013","NPS","BAL","79c56d57697ddb331d1e1a1b62fa940d1579447b35221a7f6b68924dfce14244",2022-06-01 11:31:26,2022-06-01,2022-05-29,"PM",0
"205","4","Belgium","Unknown",NA,"29938b66ee9c52a06b24f1e22ff114701a707dc9f1683f9f52af41ab675ab013","NPS","BAL","79c56d57697ddb331d1e1a1b62fa940d1579447b35221a7f6b68924dfce14244",2022-06-01 11:31:26,2022-06-01,2022-05-29,"MH",0
"206","4","Belgium","Unknown",NA,"29938b66ee9c52a06b24f1e22ff114701a707dc9f1683f9f52af41ab675ab013","NPS","BAL","79c56d57697ddb331d1e1a1b62fa940d1579447b35221a7f6b68924dfce14244",2022-06-01 11:31:26,2022-06-01,2022-05-29,"HS",0
"207","4","Belgium","Unknown",NA,"29938b66ee9c52a06b24f1e22ff114701a707dc9f1683f9f52af41ab675ab013","NPS","BAL","79c56d57697ddb331d1e1a1b62fa940d1579447b35221a7f6b68924dfce14244",2022-06-01 11:31:26,2022-06-01,2022-05-29,"MB",0
"208","4","Belgium","Unknown",NA,"29938b66ee9c52a06b24f1e22ff114701a707dc9f1683f9f52af41ab675ab013","NPS","BAL","79c56d57697ddb331d1e1a1b62fa940d1579447b35221a7f6b68924dfce14244",2022-06-01 11:31:26,2022-06-01,2022-05-29,"BRSV",1
"209","4","Belgium","Unknown",NA,"29938b66ee9c52a06b24f1e22ff114701a707dc9f1683f9f52af41ab675ab013","NPS","BAL","79c56d57697ddb331d1e1a1b62fa940d1579447b35221a7f6b68924dfce14244",2022-06-01 11:31:26,2022-06-01,2022-05-29,"PI3",0
"210","4","Belgium","Unknown",NA,"29938b66ee9c52a06b24f1e22ff114701a707dc9f1683f9f52af41ab675ab013","NPS","BAL","79c56d57697ddb331d1e1a1b62fa940d1579447b35221a7f6b68924dfce14244",2022-06-01 11:31:26,2022-06-01,2022-05-29,"BCV",0
"211","4","Belgium","Unknown",NA,"2c2ae095d55ddbc0487f97a5e8db5ecd4b2f1538cd67e774b461d85c4b96a216","NPS","BAL","1648683fce1bbf74efdead791a5ef532169f1c64920ff2096ad9f64052787b17",2022-04-26 13:55:49,2022-04-01,2022-04-24,"PM",0
"212","4","Belgium","Unknown",NA,"2c2ae095d55ddbc0487f97a5e8db5ecd4b2f1538cd67e774b461d85c4b96a216","NPS","BAL","1648683fce1bbf74efdead791a5ef532169f1c64920ff2096ad9f64052787b17",2022-04-26 13:55:49,2022-04-01,2022-04-24,"MH",0
"213","4","Belgium","Unknown",NA,"2c2ae095d55ddbc0487f97a5e8db5ecd4b2f1538cd67e774b461d85c4b96a216","NPS","BAL","1648683fce1bbf74efdead791a5ef532169f1c64920ff2096ad9f64052787b17",2022-04-26 13:55:49,2022-04-01,2022-04-24,"HS",0
"214","4","Belgium","Unknown",NA,"2c2ae095d55ddbc0487f97a5e8db5ecd4b2f1538cd67e774b461d85c4b96a216","NPS","BAL","1648683fce1bbf74efdead791a5ef532169f1c64920ff2096ad9f64052787b17",2022-04-26 13:55:49,2022-04-01,2022-04-24,"MB",0
"215","4","Belgium","Unknown",NA,"2c2ae095d55ddbc0487f97a5e8db5ecd4b2f1538cd67e774b461d85c4b96a216","NPS","BAL","1648683fce1bbf74efdead791a5ef532169f1c64920ff2096ad9f64052787b17",2022-04-26 13:55:49,2022-04-01,2022-04-24,"BRSV",0
"216","4","Belgium","Unknown",NA,"2c2ae095d55ddbc0487f97a5e8db5ecd4b2f1538cd67e774b461d85c4b96a216","NPS","BAL","1648683fce1bbf74efdead791a5ef532169f1c64920ff2096ad9f64052787b17",2022-04-26 13:55:49,2022-04-01,2022-04-24,"PI3",0
"217","4","Belgium","Unknown",NA,"2c2ae095d55ddbc0487f97a5e8db5ecd4b2f1538cd67e774b461d85c4b96a216","NPS","BAL","1648683fce1bbf74efdead791a5ef532169f1c64920ff2096ad9f64052787b17",2022-04-26 13:55:49,2022-04-01,2022-04-24,"BCV",1
"218","4","Belgium","Unknown",NA,"2c2ae095d55ddbc0487f97a5e8db5ecd4b2f1538cd67e774b461d85c4b96a216","NPS","BAL","263b20fc4cb4953c1f7b26dc567ee05850812b5ee6ee9b796c61399319fd5326",2022-04-26 13:55:49,2022-04-01,2022-04-24,"PM",0
"219","4","Belgium","Unknown",NA,"2c2ae095d55ddbc0487f97a5e8db5ecd4b2f1538cd67e774b461d85c4b96a216","NPS","BAL","263b20fc4cb4953c1f7b26dc567ee05850812b5ee6ee9b796c61399319fd5326",2022-04-26 13:55:49,2022-04-01,2022-04-24,"MH",0
"220","4","Belgium","Unknown",NA,"2c2ae095d55ddbc0487f97a5e8db5ecd4b2f1538cd67e774b461d85c4b96a216","NPS","BAL","263b20fc4cb4953c1f7b26dc567ee05850812b5ee6ee9b796c61399319fd5326",2022-04-26 13:55:49,2022-04-01,2022-04-24,"HS",0
"221","4","Belgium","Unknown",NA,"2c2ae095d55ddbc0487f97a5e8db5ecd4b2f1538cd67e774b461d85c4b96a216","NPS","BAL","263b20fc4cb4953c1f7b26dc567ee05850812b5ee6ee9b796c61399319fd5326",2022-04-26 13:55:49,2022-04-01,2022-04-24,"MB",0
"222","4","Belgium","Unknown",NA,"2c2ae095d55ddbc0487f97a5e8db5ecd4b2f1538cd67e774b461d85c4b96a216","NPS","BAL","263b20fc4cb4953c1f7b26dc567ee05850812b5ee6ee9b796c61399319fd5326",2022-04-26 13:55:49,2022-04-01,2022-04-24,"BRSV",0
"223","4","Belgium","Unknown",NA,"2c2ae095d55ddbc0487f97a5e8db5ecd4b2f1538cd67e774b461d85c4b96a216","NPS","BAL","263b20fc4cb4953c1f7b26dc567ee05850812b5ee6ee9b796c61399319fd5326",2022-04-26 13:55:49,2022-04-01,2022-04-24,"PI3",0
"224","4","Belgium","Unknown",NA,"2c2ae095d55ddbc0487f97a5e8db5ecd4b2f1538cd67e774b461d85c4b96a216","NPS","BAL","263b20fc4cb4953c1f7b26dc567ee05850812b5ee6ee9b796c61399319fd5326",2022-04-26 13:55:49,2022-04-01,2022-04-24,"BCV",0
"225","4","Belgium","Unknown",NA,"2c2ae095d55ddbc0487f97a5e8db5ecd4b2f1538cd67e774b461d85c4b96a216","NPS","BAL","78c8822eccc9574e7390b56f3344b5be8f0de0dfb12bd2c9b6df36fb7375f12a",2022-04-26 13:55:49,2022-04-01,2022-04-24,"PM",0
"226","4","Belgium","Unknown",NA,"2c2ae095d55ddbc0487f97a5e8db5ecd4b2f1538cd67e774b461d85c4b96a216","NPS","BAL","78c8822eccc9574e7390b56f3344b5be8f0de0dfb12bd2c9b6df36fb7375f12a",2022-04-26 13:55:49,2022-04-01,2022-04-24,"MH",0
"227","4","Belgium","Unknown",NA,"2c2ae095d55ddbc0487f97a5e8db5ecd4b2f1538cd67e774b461d85c4b96a216","NPS","BAL","78c8822eccc9574e7390b56f3344b5be8f0de0dfb12bd2c9b6df36fb7375f12a",2022-04-26 13:55:49,2022-04-01,2022-04-24,"HS",0
"228","4","Belgium","Unknown",NA,"2c2ae095d55ddbc0487f97a5e8db5ecd4b2f1538cd67e774b461d85c4b96a216","NPS","BAL","78c8822eccc9574e7390b56f3344b5be8f0de0dfb12bd2c9b6df36fb7375f12a",2022-04-26 13:55:49,2022-04-01,2022-04-24,"MB",0
"229","4","Belgium","Unknown",NA,"2c2ae095d55ddbc0487f97a5e8db5ecd4b2f1538cd67e774b461d85c4b96a216","NPS","BAL","78c8822eccc9574e7390b56f3344b5be8f0de0dfb12bd2c9b6df36fb7375f12a",2022-04-26 13:55:49,2022-04-01,2022-04-24,"BRSV",0
"230","4","Belgium","Unknown",NA,"2c2ae095d55ddbc0487f97a5e8db5ecd4b2f1538cd67e774b461d85c4b96a216","NPS","BAL","78c8822eccc9574e7390b56f3344b5be8f0de0dfb12bd2c9b6df36fb7375f12a",2022-04-26 13:55:49,2022-04-01,2022-04-24,"PI3",0
"231","4","Belgium","Unknown",NA,"2c2ae095d55ddbc0487f97a5e8db5ecd4b2f1538cd67e774b461d85c4b96a216","NPS","BAL","78c8822eccc9574e7390b56f3344b5be8f0de0dfb12bd2c9b6df36fb7375f12a",2022-04-26 13:55:49,2022-04-01,2022-04-24,"BCV",0
"232","4","Belgium","Unknown",NA,"2c2ae095d55ddbc0487f97a5e8db5ecd4b2f1538cd67e774b461d85c4b96a216","NPS","BAL","8a67189c846429231c649d3964b4b1a77e0ddff017325ea8597eb51ad9b3040c",2022-04-26 13:55:49,2022-04-01,2022-04-24,"PM",0
"233","4","Belgium","Unknown",NA,"2c2ae095d55ddbc0487f97a5e8db5ecd4b2f1538cd67e774b461d85c4b96a216","NPS","BAL","8a67189c846429231c649d3964b4b1a77e0ddff017325ea8597eb51ad9b3040c",2022-04-26 13:55:49,2022-04-01,2022-04-24,"MH",0
"234","4","Belgium","Unknown",NA,"2c2ae095d55ddbc0487f97a5e8db5ecd4b2f1538cd67e774b461d85c4b96a216","NPS","BAL","8a67189c846429231c649d3964b4b1a77e0ddff017325ea8597eb51ad9b3040c",2022-04-26 13:55:49,2022-04-01,2022-04-24,"HS",0
"235","4","Belgium","Unknown",NA,"2c2ae095d55ddbc0487f97a5e8db5ecd4b2f1538cd67e774b461d85c4b96a216","NPS","BAL","8a67189c846429231c649d3964b4b1a77e0ddff017325ea8597eb51ad9b3040c",2022-04-26 13:55:49,2022-04-01,2022-04-24,"MB",0
"236","4","Belgium","Unknown",NA,"2c2ae095d55ddbc0487f97a5e8db5ecd4b2f1538cd67e774b461d85c4b96a216","NPS","BAL","8a67189c846429231c649d3964b4b1a77e0ddff017325ea8597eb51ad9b3040c",2022-04-26 13:55:49,2022-04-01,2022-04-24,"BRSV",0
"237","4","Belgium","Unknown",NA,"2c2ae095d55ddbc0487f97a5e8db5ecd4b2f1538cd67e774b461d85c4b96a216","NPS","BAL","8a67189c846429231c649d3964b4b1a77e0ddff017325ea8597eb51ad9b3040c",2022-04-26 13:55:49,2022-04-01,2022-04-24,"PI3",0
"238","4","Belgium","Unknown",NA,"2c2ae095d55ddbc0487f97a5e8db5ecd4b2f1538cd67e774b461d85c4b96a216","NPS","BAL","8a67189c846429231c649d3964b4b1a77e0ddff017325ea8597eb51ad9b3040c",2022-04-26 13:55:49,2022-04-01,2022-04-24,"BCV",0
"239","4","Belgium","Unknown",NA,"2ced184d8477465987593807f31360e94b539aa41f515e0a973179f881663698","NPS","Swab","f8a5da214f3f6c281e008924914e7decf9a13637737204589eed04379dc600a8",2020-11-25 08:26:46,2020-11-01,2020-11-22,"PM",0
"240","4","Belgium","Unknown",NA,"2ced184d8477465987593807f31360e94b539aa41f515e0a973179f881663698","NPS","Swab","f8a5da214f3f6c281e008924914e7decf9a13637737204589eed04379dc600a8",2020-11-25 08:26:46,2020-11-01,2020-11-22,"MH",0
"241","4","Belgium","Unknown",NA,"2ced184d8477465987593807f31360e94b539aa41f515e0a973179f881663698","NPS","Swab","f8a5da214f3f6c281e008924914e7decf9a13637737204589eed04379dc600a8",2020-11-25 08:26:46,2020-11-01,2020-11-22,"HS",0
"242","4","Belgium","Unknown",NA,"2ced184d8477465987593807f31360e94b539aa41f515e0a973179f881663698","NPS","Swab","f8a5da214f3f6c281e008924914e7decf9a13637737204589eed04379dc600a8",2020-11-25 08:26:46,2020-11-01,2020-11-22,"MB",0
"243","4","Belgium","Unknown",NA,"2ced184d8477465987593807f31360e94b539aa41f515e0a973179f881663698","NPS","Swab","f8a5da214f3f6c281e008924914e7decf9a13637737204589eed04379dc600a8",2020-11-25 08:26:46,2020-11-01,2020-11-22,"BRSV",0
"244","4","Belgium","Unknown",NA,"2ced184d8477465987593807f31360e94b539aa41f515e0a973179f881663698","NPS","Swab","f8a5da214f3f6c281e008924914e7decf9a13637737204589eed04379dc600a8",2020-11-25 08:26:46,2020-11-01,2020-11-22,"PI3",0
"245","4","Belgium","Unknown",NA,"2ced184d8477465987593807f31360e94b539aa41f515e0a973179f881663698","NPS","Swab","f8a5da214f3f6c281e008924914e7decf9a13637737204589eed04379dc600a8",2020-11-25 08:26:46,2020-11-01,2020-11-22,"BCV",0
"246","4","Belgium","Unknown",NA,"3cb5588f87636e1e6b572bd378e3be20a2876990152dc64a0768f0514416dc3a","NPS","BAL","0d3f2f1576ca7782bb9bc2989d3408a1f772935bbb5aff8626061a7d7e91bc6a",2022-05-31 14:46:45,2022-05-01,2022-05-29,"PM",0
"247","4","Belgium","Unknown",NA,"3cb5588f87636e1e6b572bd378e3be20a2876990152dc64a0768f0514416dc3a","NPS","BAL","0d3f2f1576ca7782bb9bc2989d3408a1f772935bbb5aff8626061a7d7e91bc6a",2022-05-31 14:46:45,2022-05-01,2022-05-29,"MH",0
"248","4","Belgium","Unknown",NA,"3cb5588f87636e1e6b572bd378e3be20a2876990152dc64a0768f0514416dc3a","NPS","BAL","0d3f2f1576ca7782bb9bc2989d3408a1f772935bbb5aff8626061a7d7e91bc6a",2022-05-31 14:46:45,2022-05-01,2022-05-29,"HS",0
"249","4","Belgium","Unknown",NA,"3cb5588f87636e1e6b572bd378e3be20a2876990152dc64a0768f0514416dc3a","NPS","BAL","0d3f2f1576ca7782bb9bc2989d3408a1f772935bbb5aff8626061a7d7e91bc6a",2022-05-31 14:46:45,2022-05-01,2022-05-29,"MB",0
"250","4","Belgium","Unknown",NA,"3cb5588f87636e1e6b572bd378e3be20a2876990152dc64a0768f0514416dc3a","NPS","BAL","0d3f2f1576ca7782bb9bc2989d3408a1f772935bbb5aff8626061a7d7e91bc6a",2022-05-31 14:46:45,2022-05-01,2022-05-29,"BRSV",0
"251","4","Belgium","Unknown",NA,"3cb5588f87636e1e6b572bd378e3be20a2876990152dc64a0768f0514416dc3a","NPS","BAL","0d3f2f1576ca7782bb9bc2989d3408a1f772935bbb5aff8626061a7d7e91bc6a",2022-05-31 14:46:45,2022-05-01,2022-05-29,"PI3",0
"252","4","Belgium","Unknown",NA,"3cb5588f87636e1e6b572bd378e3be20a2876990152dc64a0768f0514416dc3a","NPS","BAL","0d3f2f1576ca7782bb9bc2989d3408a1f772935bbb5aff8626061a7d7e91bc6a",2022-05-31 14:46:45,2022-05-01,2022-05-29,"BCV",0
"253","4","Belgium","Unknown",NA,"3f092380ea6fcaf2534710b78dc64a354eaf462f057bfb21550bc83e1d4e6769","NPS","BAL","be6eafb216bacf99327e0edd540461d26337eb8a470f57364b28da118ac5842c",2022-02-17 11:41:57,2022-02-01,2022-02-13,"PM",0
"254","4","Belgium","Unknown",NA,"3f092380ea6fcaf2534710b78dc64a354eaf462f057bfb21550bc83e1d4e6769","NPS","BAL","be6eafb216bacf99327e0edd540461d26337eb8a470f57364b28da118ac5842c",2022-02-17 11:41:57,2022-02-01,2022-02-13,"MH",0
"255","4","Belgium","Unknown",NA,"3f092380ea6fcaf2534710b78dc64a354eaf462f057bfb21550bc83e1d4e6769","NPS","BAL","be6eafb216bacf99327e0edd540461d26337eb8a470f57364b28da118ac5842c",2022-02-17 11:41:57,2022-02-01,2022-02-13,"HS",0
"256","4","Belgium","Unknown",NA,"3f092380ea6fcaf2534710b78dc64a354eaf462f057bfb21550bc83e1d4e6769","NPS","BAL","be6eafb216bacf99327e0edd540461d26337eb8a470f57364b28da118ac5842c",2022-02-17 11:41:57,2022-02-01,2022-02-13,"MB",0
"257","4","Belgium","Unknown",NA,"3f092380ea6fcaf2534710b78dc64a354eaf462f057bfb21550bc83e1d4e6769","NPS","BAL","be6eafb216bacf99327e0edd540461d26337eb8a470f57364b28da118ac5842c",2022-02-17 11:41:57,2022-02-01,2022-02-13,"BRSV",0
"258","4","Belgium","Unknown",NA,"3f092380ea6fcaf2534710b78dc64a354eaf462f057bfb21550bc83e1d4e6769","NPS","BAL","be6eafb216bacf99327e0edd540461d26337eb8a470f57364b28da118ac5842c",2022-02-17 11:41:57,2022-02-01,2022-02-13,"PI3",0
"259","4","Belgium","Unknown",NA,"3f092380ea6fcaf2534710b78dc64a354eaf462f057bfb21550bc83e1d4e6769","NPS","BAL","be6eafb216bacf99327e0edd540461d26337eb8a470f57364b28da118ac5842c",2022-02-17 11:41:57,2022-02-01,2022-02-13,"BCV",0
"260","4","Belgium","Unknown",NA,"48f599a9094eb9a4fcd2ff73dd158208d3a2e0d8769a32e3c3795fc8791a0a71","NPS","BAL","1b36cd7951891f387e1ea2d74fc1b86992f0985cdfd4f824f5a086b3f6973f0b",2022-01-26 15:24:22,2022-01-01,2022-01-23,"PM",0
"261","4","Belgium","Unknown",NA,"48f599a9094eb9a4fcd2ff73dd158208d3a2e0d8769a32e3c3795fc8791a0a71","NPS","BAL","1b36cd7951891f387e1ea2d74fc1b86992f0985cdfd4f824f5a086b3f6973f0b",2022-01-26 15:24:22,2022-01-01,2022-01-23,"MH",0
"262","4","Belgium","Unknown",NA,"48f599a9094eb9a4fcd2ff73dd158208d3a2e0d8769a32e3c3795fc8791a0a71","NPS","BAL","1b36cd7951891f387e1ea2d74fc1b86992f0985cdfd4f824f5a086b3f6973f0b",2022-01-26 15:24:22,2022-01-01,2022-01-23,"HS",0
"263","4","Belgium","Unknown",NA,"48f599a9094eb9a4fcd2ff73dd158208d3a2e0d8769a32e3c3795fc8791a0a71","NPS","BAL","1b36cd7951891f387e1ea2d74fc1b86992f0985cdfd4f824f5a086b3f6973f0b",2022-01-26 15:24:22,2022-01-01,2022-01-23,"MB",0
"264","4","Belgium","Unknown",NA,"48f599a9094eb9a4fcd2ff73dd158208d3a2e0d8769a32e3c3795fc8791a0a71","NPS","BAL","1b36cd7951891f387e1ea2d74fc1b86992f0985cdfd4f824f5a086b3f6973f0b",2022-01-26 15:24:22,2022-01-01,2022-01-23,"BRSV",0
"265","4","Belgium","Unknown",NA,"48f599a9094eb9a4fcd2ff73dd158208d3a2e0d8769a32e3c3795fc8791a0a71","NPS","BAL","1b36cd7951891f387e1ea2d74fc1b86992f0985cdfd4f824f5a086b3f6973f0b",2022-01-26 15:24:22,2022-01-01,2022-01-23,"PI3",0
"266","4","Belgium","Unknown",NA,"48f599a9094eb9a4fcd2ff73dd158208d3a2e0d8769a32e3c3795fc8791a0a71","NPS","BAL","1b36cd7951891f387e1ea2d74fc1b86992f0985cdfd4f824f5a086b3f6973f0b",2022-01-26 15:24:22,2022-01-01,2022-01-23,"BCV",0
"267","4","Belgium","Unknown",NA,"48f599a9094eb9a4fcd2ff73dd158208d3a2e0d8769a32e3c3795fc8791a0a71","NPS","BAL","31a6549f9c475d94597de852e2677f2fff5953acdd851e14444b28a4ac61229e",2022-01-26 15:24:22,2022-01-01,2022-01-23,"PM",0
"268","4","Belgium","Unknown",NA,"48f599a9094eb9a4fcd2ff73dd158208d3a2e0d8769a32e3c3795fc8791a0a71","NPS","BAL","31a6549f9c475d94597de852e2677f2fff5953acdd851e14444b28a4ac61229e",2022-01-26 15:24:22,2022-01-01,2022-01-23,"MH",0
"269","4","Belgium","Unknown",NA,"48f599a9094eb9a4fcd2ff73dd158208d3a2e0d8769a32e3c3795fc8791a0a71","NPS","BAL","31a6549f9c475d94597de852e2677f2fff5953acdd851e14444b28a4ac61229e",2022-01-26 15:24:22,2022-01-01,2022-01-23,"HS",0
"270","4","Belgium","Unknown",NA,"48f599a9094eb9a4fcd2ff73dd158208d3a2e0d8769a32e3c3795fc8791a0a71","NPS","BAL","31a6549f9c475d94597de852e2677f2fff5953acdd851e14444b28a4ac61229e",2022-01-26 15:24:22,2022-01-01,2022-01-23,"MB",0
"271","4","Belgium","Unknown",NA,"48f599a9094eb9a4fcd2ff73dd158208d3a2e0d8769a32e3c3795fc8791a0a71","NPS","BAL","31a6549f9c475d94597de852e2677f2fff5953acdd851e14444b28a4ac61229e",2022-01-26 15:24:22,2022-01-01,2022-01-23,"BRSV",0
"272","4","Belgium","Unknown",NA,"48f599a9094eb9a4fcd2ff73dd158208d3a2e0d8769a32e3c3795fc8791a0a71","NPS","BAL","31a6549f9c475d94597de852e2677f2fff5953acdd851e14444b28a4ac61229e",2022-01-26 15:24:22,2022-01-01,2022-01-23,"PI3",0
"273","4","Belgium","Unknown",NA,"48f599a9094eb9a4fcd2ff73dd158208d3a2e0d8769a32e3c3795fc8791a0a71","NPS","BAL","31a6549f9c475d94597de852e2677f2fff5953acdd851e14444b28a4ac61229e",2022-01-26 15:24:22,2022-01-01,2022-01-23,"BCV",0
"274","4","Belgium","Unknown",NA,"48f599a9094eb9a4fcd2ff73dd158208d3a2e0d8769a32e3c3795fc8791a0a71","NPS","BAL","8bceed0f1d74b8cd45d26c44973772d6ff9d850f86e74a4c7b0d561243d597a8",2022-01-26 15:24:22,2022-01-01,2022-01-23,"PM",0
"275","4","Belgium","Unknown",NA,"48f599a9094eb9a4fcd2ff73dd158208d3a2e0d8769a32e3c3795fc8791a0a71","NPS","BAL","8bceed0f1d74b8cd45d26c44973772d6ff9d850f86e74a4c7b0d561243d597a8",2022-01-26 15:24:22,2022-01-01,2022-01-23,"MH",0
"276","4","Belgium","Unknown",NA,"48f599a9094eb9a4fcd2ff73dd158208d3a2e0d8769a32e3c3795fc8791a0a71","NPS","BAL","8bceed0f1d74b8cd45d26c44973772d6ff9d850f86e74a4c7b0d561243d597a8",2022-01-26 15:24:22,2022-01-01,2022-01-23,"HS",0
"277","4","Belgium","Unknown",NA,"48f599a9094eb9a4fcd2ff73dd158208d3a2e0d8769a32e3c3795fc8791a0a71","NPS","BAL","8bceed0f1d74b8cd45d26c44973772d6ff9d850f86e74a4c7b0d561243d597a8",2022-01-26 15:24:22,2022-01-01,2022-01-23,"MB",0
"278","4","Belgium","Unknown",NA,"48f599a9094eb9a4fcd2ff73dd158208d3a2e0d8769a32e3c3795fc8791a0a71","NPS","BAL","8bceed0f1d74b8cd45d26c44973772d6ff9d850f86e74a4c7b0d561243d597a8",2022-01-26 15:24:22,2022-01-01,2022-01-23,"BRSV",0
"279","4","Belgium","Unknown",NA,"48f599a9094eb9a4fcd2ff73dd158208d3a2e0d8769a32e3c3795fc8791a0a71","NPS","BAL","8bceed0f1d74b8cd45d26c44973772d6ff9d850f86e74a4c7b0d561243d597a8",2022-01-26 15:24:22,2022-01-01,2022-01-23,"PI3",0
"280","4","Belgium","Unknown",NA,"48f599a9094eb9a4fcd2ff73dd158208d3a2e0d8769a32e3c3795fc8791a0a71","NPS","BAL","8bceed0f1d74b8cd45d26c44973772d6ff9d850f86e74a4c7b0d561243d597a8",2022-01-26 15:24:22,2022-01-01,2022-01-23,"BCV",0
"281","4","Belgium","Unknown",NA,"48f599a9094eb9a4fcd2ff73dd158208d3a2e0d8769a32e3c3795fc8791a0a71","NPS","BAL","cc56038328ffa43e94516e446dfde7b43c94f18e80e59a79476598a1f394da23",2022-01-26 15:24:22,2022-01-01,2022-01-23,"PM",0
"282","4","Belgium","Unknown",NA,"48f599a9094eb9a4fcd2ff73dd158208d3a2e0d8769a32e3c3795fc8791a0a71","NPS","BAL","cc56038328ffa43e94516e446dfde7b43c94f18e80e59a79476598a1f394da23",2022-01-26 15:24:22,2022-01-01,2022-01-23,"MH",0
"283","4","Belgium","Unknown",NA,"48f599a9094eb9a4fcd2ff73dd158208d3a2e0d8769a32e3c3795fc8791a0a71","NPS","BAL","cc56038328ffa43e94516e446dfde7b43c94f18e80e59a79476598a1f394da23",2022-01-26 15:24:22,2022-01-01,2022-01-23,"HS",0
"284","4","Belgium","Unknown",NA,"48f599a9094eb9a4fcd2ff73dd158208d3a2e0d8769a32e3c3795fc8791a0a71","NPS","BAL","cc56038328ffa43e94516e446dfde7b43c94f18e80e59a79476598a1f394da23",2022-01-26 15:24:22,2022-01-01,2022-01-23,"MB",0
"285","4","Belgium","Unknown",NA,"48f599a9094eb9a4fcd2ff73dd158208d3a2e0d8769a32e3c3795fc8791a0a71","NPS","BAL","cc56038328ffa43e94516e446dfde7b43c94f18e80e59a79476598a1f394da23",2022-01-26 15:24:22,2022-01-01,2022-01-23,"BRSV",0
"286","4","Belgium","Unknown",NA,"48f599a9094eb9a4fcd2ff73dd158208d3a2e0d8769a32e3c3795fc8791a0a71","NPS","BAL","cc56038328ffa43e94516e446dfde7b43c94f18e80e59a79476598a1f394da23",2022-01-26 15:24:22,2022-01-01,2022-01-23,"PI3",0
"287","4","Belgium","Unknown",NA,"48f599a9094eb9a4fcd2ff73dd158208d3a2e0d8769a32e3c3795fc8791a0a71","NPS","BAL","cc56038328ffa43e94516e446dfde7b43c94f18e80e59a79476598a1f394da23",2022-01-26 15:24:22,2022-01-01,2022-01-23,"BCV",0
"288","4","Belgium","Unknown",NA,"48f599a9094eb9a4fcd2ff73dd158208d3a2e0d8769a32e3c3795fc8791a0a71","NPS","BAL","f0f250b303d9994d2d71fbb6597b91085cd697ed00df19a5c40026493cb28c9a",2022-01-26 15:24:22,2022-01-01,2022-01-23,"PM",0
"289","4","Belgium","Unknown",NA,"48f599a9094eb9a4fcd2ff73dd158208d3a2e0d8769a32e3c3795fc8791a0a71","NPS","BAL","f0f250b303d9994d2d71fbb6597b91085cd697ed00df19a5c40026493cb28c9a",2022-01-26 15:24:22,2022-01-01,2022-01-23,"MH",0
"290","4","Belgium","Unknown",NA,"48f599a9094eb9a4fcd2ff73dd158208d3a2e0d8769a32e3c3795fc8791a0a71","NPS","BAL","f0f250b303d9994d2d71fbb6597b91085cd697ed00df19a5c40026493cb28c9a",2022-01-26 15:24:22,2022-01-01,2022-01-23,"HS",0
"291","4","Belgium","Unknown",NA,"48f599a9094eb9a4fcd2ff73dd158208d3a2e0d8769a32e3c3795fc8791a0a71","NPS","BAL","f0f250b303d9994d2d71fbb6597b91085cd697ed00df19a5c40026493cb28c9a",2022-01-26 15:24:22,2022-01-01,2022-01-23,"MB",0
"292","4","Belgium","Unknown",NA,"48f599a9094eb9a4fcd2ff73dd158208d3a2e0d8769a32e3c3795fc8791a0a71","NPS","BAL","f0f250b303d9994d2d71fbb6597b91085cd697ed00df19a5c40026493cb28c9a",2022-01-26 15:24:22,2022-01-01,2022-01-23,"BRSV",0
"293","4","Belgium","Unknown",NA,"48f599a9094eb9a4fcd2ff73dd158208d3a2e0d8769a32e3c3795fc8791a0a71","NPS","BAL","f0f250b303d9994d2d71fbb6597b91085cd697ed00df19a5c40026493cb28c9a",2022-01-26 15:24:22,2022-01-01,2022-01-23,"PI3",0
"294","4","Belgium","Unknown",NA,"48f599a9094eb9a4fcd2ff73dd158208d3a2e0d8769a32e3c3795fc8791a0a71","NPS","BAL","f0f250b303d9994d2d71fbb6597b91085cd697ed00df19a5c40026493cb28c9a",2022-01-26 15:24:22,2022-01-01,2022-01-23,"BCV",0
"295","4","Belgium","Unknown",NA,"4e016e8932eedbdd78d0bffc8651270ae3743d3627a704c54c98a42a4bc081e1","NPS","BAL","0a6b81782b5c6d04236250f24ed2b3a27c3afd1a80371ea238ba029cbe5aca0d",2021-04-16 14:09:53,2021-04-01,2021-04-11,"PM",0
"296","4","Belgium","Unknown",NA,"4e016e8932eedbdd78d0bffc8651270ae3743d3627a704c54c98a42a4bc081e1","NPS","BAL","0a6b81782b5c6d04236250f24ed2b3a27c3afd1a80371ea238ba029cbe5aca0d",2021-04-16 14:09:53,2021-04-01,2021-04-11,"MH",0
"297","4","Belgium","Unknown",NA,"4e016e8932eedbdd78d0bffc8651270ae3743d3627a704c54c98a42a4bc081e1","NPS","BAL","0a6b81782b5c6d04236250f24ed2b3a27c3afd1a80371ea238ba029cbe5aca0d",2021-04-16 14:09:53,2021-04-01,2021-04-11,"HS",0
"298","4","Belgium","Unknown",NA,"4e016e8932eedbdd78d0bffc8651270ae3743d3627a704c54c98a42a4bc081e1","NPS","BAL","0a6b81782b5c6d04236250f24ed2b3a27c3afd1a80371ea238ba029cbe5aca0d",2021-04-16 14:09:53,2021-04-01,2021-04-11,"MB",0
"299","4","Belgium","Unknown",NA,"4e016e8932eedbdd78d0bffc8651270ae3743d3627a704c54c98a42a4bc081e1","NPS","BAL","0a6b81782b5c6d04236250f24ed2b3a27c3afd1a80371ea238ba029cbe5aca0d",2021-04-16 14:09:53,2021-04-01,2021-04-11,"BRSV",0
"300","4","Belgium","Unknown",NA,"4e016e8932eedbdd78d0bffc8651270ae3743d3627a704c54c98a42a4bc081e1","NPS","BAL","0a6b81782b5c6d04236250f24ed2b3a27c3afd1a80371ea238ba029cbe5aca0d",2021-04-16 14:09:53,2021-04-01,2021-04-11,"PI3",0
"301","4","Belgium","Unknown",NA,"4e016e8932eedbdd78d0bffc8651270ae3743d3627a704c54c98a42a4bc081e1","NPS","BAL","0a6b81782b5c6d04236250f24ed2b3a27c3afd1a80371ea238ba029cbe5aca0d",2021-04-16 14:09:53,2021-04-01,2021-04-11,"BCV",0
"302","4","Belgium","Unknown",NA,"4eee1c20e6a1b18434fe03acce085df147dbad719c124f7261a6bd60df43e357","NPS","BAL","0a239761346a9bb4d8568d50479cd3eac71aca71fd49df1910293b3d9a8d752a",2021-11-10 16:28:03,2021-11-01,2021-11-07,"PM",0
"303","4","Belgium","Unknown",NA,"4eee1c20e6a1b18434fe03acce085df147dbad719c124f7261a6bd60df43e357","NPS","BAL","0a239761346a9bb4d8568d50479cd3eac71aca71fd49df1910293b3d9a8d752a",2021-11-10 16:28:03,2021-11-01,2021-11-07,"MH",0
"304","4","Belgium","Unknown",NA,"4eee1c20e6a1b18434fe03acce085df147dbad719c124f7261a6bd60df43e357","NPS","BAL","0a239761346a9bb4d8568d50479cd3eac71aca71fd49df1910293b3d9a8d752a",2021-11-10 16:28:03,2021-11-01,2021-11-07,"HS",0
"305","4","Belgium","Unknown",NA,"4eee1c20e6a1b18434fe03acce085df147dbad719c124f7261a6bd60df43e357","NPS","BAL","0a239761346a9bb4d8568d50479cd3eac71aca71fd49df1910293b3d9a8d752a",2021-11-10 16:28:03,2021-11-01,2021-11-07,"MB",0
"306","4","Belgium","Unknown",NA,"4eee1c20e6a1b18434fe03acce085df147dbad719c124f7261a6bd60df43e357","NPS","BAL","0a239761346a9bb4d8568d50479cd3eac71aca71fd49df1910293b3d9a8d752a",2021-11-10 16:28:03,2021-11-01,2021-11-07,"BRSV",0
"307","4","Belgium","Unknown",NA,"4eee1c20e6a1b18434fe03acce085df147dbad719c124f7261a6bd60df43e357","NPS","BAL","0a239761346a9bb4d8568d50479cd3eac71aca71fd49df1910293b3d9a8d752a",2021-11-10 16:28:03,2021-11-01,2021-11-07,"PI3",0
"308","4","Belgium","Unknown",NA,"4eee1c20e6a1b18434fe03acce085df147dbad719c124f7261a6bd60df43e357","NPS","BAL","0a239761346a9bb4d8568d50479cd3eac71aca71fd49df1910293b3d9a8d752a",2021-11-10 16:28:03,2021-11-01,2021-11-07,"BCV",0
"309","4","Belgium","Unknown",NA,"5008a184a9ed025b6380c79a07a851600d0f6245c98c404795b53de8e31e3f44","NPS","BAL","68bc5ec90a2d9464eba42cbe67ccf5a442629e039a2e7d21942c0ea7420b4576",2021-11-10 08:01:06,2021-11-01,2021-11-07,"PM",0
"310","4","Belgium","Unknown",NA,"5008a184a9ed025b6380c79a07a851600d0f6245c98c404795b53de8e31e3f44","NPS","BAL","68bc5ec90a2d9464eba42cbe67ccf5a442629e039a2e7d21942c0ea7420b4576",2021-11-10 08:01:06,2021-11-01,2021-11-07,"MH",0
"311","4","Belgium","Unknown",NA,"5008a184a9ed025b6380c79a07a851600d0f6245c98c404795b53de8e31e3f44","NPS","BAL","68bc5ec90a2d9464eba42cbe67ccf5a442629e039a2e7d21942c0ea7420b4576",2021-11-10 08:01:06,2021-11-01,2021-11-07,"HS",0
"312","4","Belgium","Unknown",NA,"5008a184a9ed025b6380c79a07a851600d0f6245c98c404795b53de8e31e3f44","NPS","BAL","68bc5ec90a2d9464eba42cbe67ccf5a442629e039a2e7d21942c0ea7420b4576",2021-11-10 08:01:06,2021-11-01,2021-11-07,"MB",0
"313","4","Belgium","Unknown",NA,"5008a184a9ed025b6380c79a07a851600d0f6245c98c404795b53de8e31e3f44","NPS","BAL","68bc5ec90a2d9464eba42cbe67ccf5a442629e039a2e7d21942c0ea7420b4576",2021-11-10 08:01:06,2021-11-01,2021-11-07,"BRSV",0
"314","4","Belgium","Unknown",NA,"5008a184a9ed025b6380c79a07a851600d0f6245c98c404795b53de8e31e3f44","NPS","BAL","68bc5ec90a2d9464eba42cbe67ccf5a442629e039a2e7d21942c0ea7420b4576",2021-11-10 08:01:06,2021-11-01,2021-11-07,"PI3",0
"315","4","Belgium","Unknown",NA,"5008a184a9ed025b6380c79a07a851600d0f6245c98c404795b53de8e31e3f44","NPS","BAL","68bc5ec90a2d9464eba42cbe67ccf5a442629e039a2e7d21942c0ea7420b4576",2021-11-10 08:01:06,2021-11-01,2021-11-07,"BCV",1
"316","4","Belgium","Unknown",NA,"5008a184a9ed025b6380c79a07a851600d0f6245c98c404795b53de8e31e3f44","NPS","BAL","987f08bbb02c62b2475a5622bee53fac414b3130a227dfbe85bc9a8382b7f1ce",2021-11-10 08:01:06,2021-11-01,2021-11-07,"PM",0
"317","4","Belgium","Unknown",NA,"5008a184a9ed025b6380c79a07a851600d0f6245c98c404795b53de8e31e3f44","NPS","BAL","987f08bbb02c62b2475a5622bee53fac414b3130a227dfbe85bc9a8382b7f1ce",2021-11-10 08:01:06,2021-11-01,2021-11-07,"MH",0
"318","4","Belgium","Unknown",NA,"5008a184a9ed025b6380c79a07a851600d0f6245c98c404795b53de8e31e3f44","NPS","BAL","987f08bbb02c62b2475a5622bee53fac414b3130a227dfbe85bc9a8382b7f1ce",2021-11-10 08:01:06,2021-11-01,2021-11-07,"HS",0
"319","4","Belgium","Unknown",NA,"5008a184a9ed025b6380c79a07a851600d0f6245c98c404795b53de8e31e3f44","NPS","BAL","987f08bbb02c62b2475a5622bee53fac414b3130a227dfbe85bc9a8382b7f1ce",2021-11-10 08:01:06,2021-11-01,2021-11-07,"MB",0
"320","4","Belgium","Unknown",NA,"5008a184a9ed025b6380c79a07a851600d0f6245c98c404795b53de8e31e3f44","NPS","BAL","987f08bbb02c62b2475a5622bee53fac414b3130a227dfbe85bc9a8382b7f1ce",2021-11-10 08:01:06,2021-11-01,2021-11-07,"BRSV",0
"321","4","Belgium","Unknown",NA,"5008a184a9ed025b6380c79a07a851600d0f6245c98c404795b53de8e31e3f44","NPS","BAL","987f08bbb02c62b2475a5622bee53fac414b3130a227dfbe85bc9a8382b7f1ce",2021-11-10 08:01:06,2021-11-01,2021-11-07,"PI3",0
"322","4","Belgium","Unknown",NA,"5008a184a9ed025b6380c79a07a851600d0f6245c98c404795b53de8e31e3f44","NPS","BAL","987f08bbb02c62b2475a5622bee53fac414b3130a227dfbe85bc9a8382b7f1ce",2021-11-10 08:01:06,2021-11-01,2021-11-07,"BCV",1
"323","4","Belgium","Unknown",NA,"5008a184a9ed025b6380c79a07a851600d0f6245c98c404795b53de8e31e3f44","NPS","BAL","a1e93f34271e6752df357f191a86f17f7aba8b3dc328536a5f80331f6c03a959",2021-11-10 08:01:06,2021-11-01,2021-11-07,"PM",0
"324","4","Belgium","Unknown",NA,"5008a184a9ed025b6380c79a07a851600d0f6245c98c404795b53de8e31e3f44","NPS","BAL","a1e93f34271e6752df357f191a86f17f7aba8b3dc328536a5f80331f6c03a959",2021-11-10 08:01:06,2021-11-01,2021-11-07,"MH",0
"325","4","Belgium","Unknown",NA,"5008a184a9ed025b6380c79a07a851600d0f6245c98c404795b53de8e31e3f44","NPS","BAL","a1e93f34271e6752df357f191a86f17f7aba8b3dc328536a5f80331f6c03a959",2021-11-10 08:01:06,2021-11-01,2021-11-07,"HS",0
"326","4","Belgium","Unknown",NA,"5008a184a9ed025b6380c79a07a851600d0f6245c98c404795b53de8e31e3f44","NPS","BAL","a1e93f34271e6752df357f191a86f17f7aba8b3dc328536a5f80331f6c03a959",2021-11-10 08:01:06,2021-11-01,2021-11-07,"MB",0
"327","4","Belgium","Unknown",NA,"5008a184a9ed025b6380c79a07a851600d0f6245c98c404795b53de8e31e3f44","NPS","BAL","a1e93f34271e6752df357f191a86f17f7aba8b3dc328536a5f80331f6c03a959",2021-11-10 08:01:06,2021-11-01,2021-11-07,"BRSV",0
"328","4","Belgium","Unknown",NA,"5008a184a9ed025b6380c79a07a851600d0f6245c98c404795b53de8e31e3f44","NPS","BAL","a1e93f34271e6752df357f191a86f17f7aba8b3dc328536a5f80331f6c03a959",2021-11-10 08:01:06,2021-11-01,2021-11-07,"PI3",0
"329","4","Belgium","Unknown",NA,"5008a184a9ed025b6380c79a07a851600d0f6245c98c404795b53de8e31e3f44","NPS","BAL","a1e93f34271e6752df357f191a86f17f7aba8b3dc328536a5f80331f6c03a959",2021-11-10 08:01:06,2021-11-01,2021-11-07,"BCV",1
"330","4","Belgium","Unknown",NA,"52aa05fc46da50db3fa730858c8f074118e1a1eb88926f3bb39261b32fdadc04","NPS","BAL","ffe8cdb5245e8084e9e251b9d80d8e486cf1eb5ea58d882b72988e01d25b2d04",2022-01-21 15:18:48,2022-01-01,2022-01-16,"PM",0
"331","4","Belgium","Unknown",NA,"52aa05fc46da50db3fa730858c8f074118e1a1eb88926f3bb39261b32fdadc04","NPS","BAL","ffe8cdb5245e8084e9e251b9d80d8e486cf1eb5ea58d882b72988e01d25b2d04",2022-01-21 15:18:48,2022-01-01,2022-01-16,"MH",0
"332","4","Belgium","Unknown",NA,"52aa05fc46da50db3fa730858c8f074118e1a1eb88926f3bb39261b32fdadc04","NPS","BAL","ffe8cdb5245e8084e9e251b9d80d8e486cf1eb5ea58d882b72988e01d25b2d04",2022-01-21 15:18:48,2022-01-01,2022-01-16,"HS",0
"333","4","Belgium","Unknown",NA,"52aa05fc46da50db3fa730858c8f074118e1a1eb88926f3bb39261b32fdadc04","NPS","BAL","ffe8cdb5245e8084e9e251b9d80d8e486cf1eb5ea58d882b72988e01d25b2d04",2022-01-21 15:18:48,2022-01-01,2022-01-16,"MB",1
"334","4","Belgium","Unknown",NA,"52aa05fc46da50db3fa730858c8f074118e1a1eb88926f3bb39261b32fdadc04","NPS","BAL","ffe8cdb5245e8084e9e251b9d80d8e486cf1eb5ea58d882b72988e01d25b2d04",2022-01-21 15:18:48,2022-01-01,2022-01-16,"BRSV",1
"335","4","Belgium","Unknown",NA,"52aa05fc46da50db3fa730858c8f074118e1a1eb88926f3bb39261b32fdadc04","NPS","BAL","ffe8cdb5245e8084e9e251b9d80d8e486cf1eb5ea58d882b72988e01d25b2d04",2022-01-21 15:18:48,2022-01-01,2022-01-16,"PI3",0
"336","4","Belgium","Unknown",NA,"52aa05fc46da50db3fa730858c8f074118e1a1eb88926f3bb39261b32fdadc04","NPS","BAL","ffe8cdb5245e8084e9e251b9d80d8e486cf1eb5ea58d882b72988e01d25b2d04",2022-01-21 15:18:48,2022-01-01,2022-01-16,"BCV",1
"337","4","Belgium","Unknown",NA,"5bf77ae1f2bf7ff257aeaabd5b70411325a89b3a6ff52d5ed0b5663cca6941f5","NPS","BAL","36d3ef76750a6979c79a87939d4b76b037025f8438e841d082be151de7732c41",2022-03-24 15:26:37,2022-03-01,2022-03-20,"PM",0
"338","4","Belgium","Unknown",NA,"5bf77ae1f2bf7ff257aeaabd5b70411325a89b3a6ff52d5ed0b5663cca6941f5","NPS","BAL","36d3ef76750a6979c79a87939d4b76b037025f8438e841d082be151de7732c41",2022-03-24 15:26:37,2022-03-01,2022-03-20,"MH",0
"339","4","Belgium","Unknown",NA,"5bf77ae1f2bf7ff257aeaabd5b70411325a89b3a6ff52d5ed0b5663cca6941f5","NPS","BAL","36d3ef76750a6979c79a87939d4b76b037025f8438e841d082be151de7732c41",2022-03-24 15:26:37,2022-03-01,2022-03-20,"HS",0
"340","4","Belgium","Unknown",NA,"5bf77ae1f2bf7ff257aeaabd5b70411325a89b3a6ff52d5ed0b5663cca6941f5","NPS","BAL","36d3ef76750a6979c79a87939d4b76b037025f8438e841d082be151de7732c41",2022-03-24 15:26:37,2022-03-01,2022-03-20,"MB",0
"341","4","Belgium","Unknown",NA,"5bf77ae1f2bf7ff257aeaabd5b70411325a89b3a6ff52d5ed0b5663cca6941f5","NPS","BAL","36d3ef76750a6979c79a87939d4b76b037025f8438e841d082be151de7732c41",2022-03-24 15:26:37,2022-03-01,2022-03-20,"BRSV",0
"342","4","Belgium","Unknown",NA,"5bf77ae1f2bf7ff257aeaabd5b70411325a89b3a6ff52d5ed0b5663cca6941f5","NPS","BAL","36d3ef76750a6979c79a87939d4b76b037025f8438e841d082be151de7732c41",2022-03-24 15:26:37,2022-03-01,2022-03-20,"PI3",0
"343","4","Belgium","Unknown",NA,"5bf77ae1f2bf7ff257aeaabd5b70411325a89b3a6ff52d5ed0b5663cca6941f5","NPS","BAL","36d3ef76750a6979c79a87939d4b76b037025f8438e841d082be151de7732c41",2022-03-24 15:26:37,2022-03-01,2022-03-20,"BCV",1
"344","4","Belgium","Unknown",NA,"5d89b32e6ec57490fc79bed47bfc75e24663ad1fb04eccbcca6118f0dd8e9068","NPS","BAL","8fb95456f71e633a06a4b95f5d8409cbc065dbe3f92d7fe7aae132357c91e660",2022-05-11 14:33:02,2022-05-01,2022-05-08,"PM",0
"345","4","Belgium","Unknown",NA,"5d89b32e6ec57490fc79bed47bfc75e24663ad1fb04eccbcca6118f0dd8e9068","NPS","BAL","8fb95456f71e633a06a4b95f5d8409cbc065dbe3f92d7fe7aae132357c91e660",2022-05-11 14:33:02,2022-05-01,2022-05-08,"MH",0
"346","4","Belgium","Unknown",NA,"5d89b32e6ec57490fc79bed47bfc75e24663ad1fb04eccbcca6118f0dd8e9068","NPS","BAL","8fb95456f71e633a06a4b95f5d8409cbc065dbe3f92d7fe7aae132357c91e660",2022-05-11 14:33:02,2022-05-01,2022-05-08,"HS",0
"347","4","Belgium","Unknown",NA,"5d89b32e6ec57490fc79bed47bfc75e24663ad1fb04eccbcca6118f0dd8e9068","NPS","BAL","8fb95456f71e633a06a4b95f5d8409cbc065dbe3f92d7fe7aae132357c91e660",2022-05-11 14:33:02,2022-05-01,2022-05-08,"MB",1
"348","4","Belgium","Unknown",NA,"5d89b32e6ec57490fc79bed47bfc75e24663ad1fb04eccbcca6118f0dd8e9068","NPS","BAL","8fb95456f71e633a06a4b95f5d8409cbc065dbe3f92d7fe7aae132357c91e660",2022-05-11 14:33:02,2022-05-01,2022-05-08,"BRSV",0
"349","4","Belgium","Unknown",NA,"5d89b32e6ec57490fc79bed47bfc75e24663ad1fb04eccbcca6118f0dd8e9068","NPS","BAL","8fb95456f71e633a06a4b95f5d8409cbc065dbe3f92d7fe7aae132357c91e660",2022-05-11 14:33:02,2022-05-01,2022-05-08,"PI3",0
"350","4","Belgium","Unknown",NA,"5d89b32e6ec57490fc79bed47bfc75e24663ad1fb04eccbcca6118f0dd8e9068","NPS","BAL","8fb95456f71e633a06a4b95f5d8409cbc065dbe3f92d7fe7aae132357c91e660",2022-05-11 14:33:02,2022-05-01,2022-05-08,"BCV",0
"351","4","Belgium","Unknown",NA,"5e387e075b1e55bb4cee37981404386671c0d18d82eaf5decd10f9f2daee8a05","NPS","BAL","04ff14276199969c3a58c2aa558e3ad11266e0280fade7d8fdc4edb133663ea9",2021-05-10 10:49:23,2021-05-01,2021-05-09,"PM",0
"352","4","Belgium","Unknown",NA,"5e387e075b1e55bb4cee37981404386671c0d18d82eaf5decd10f9f2daee8a05","NPS","BAL","04ff14276199969c3a58c2aa558e3ad11266e0280fade7d8fdc4edb133663ea9",2021-05-10 10:49:23,2021-05-01,2021-05-09,"MH",0
"353","4","Belgium","Unknown",NA,"5e387e075b1e55bb4cee37981404386671c0d18d82eaf5decd10f9f2daee8a05","NPS","BAL","04ff14276199969c3a58c2aa558e3ad11266e0280fade7d8fdc4edb133663ea9",2021-05-10 10:49:23,2021-05-01,2021-05-09,"HS",0
"354","4","Belgium","Unknown",NA,"5e387e075b1e55bb4cee37981404386671c0d18d82eaf5decd10f9f2daee8a05","NPS","BAL","04ff14276199969c3a58c2aa558e3ad11266e0280fade7d8fdc4edb133663ea9",2021-05-10 10:49:23,2021-05-01,2021-05-09,"MB",0
"355","4","Belgium","Unknown",NA,"5e387e075b1e55bb4cee37981404386671c0d18d82eaf5decd10f9f2daee8a05","NPS","BAL","04ff14276199969c3a58c2aa558e3ad11266e0280fade7d8fdc4edb133663ea9",2021-05-10 10:49:23,2021-05-01,2021-05-09,"BRSV",0
"356","4","Belgium","Unknown",NA,"5e387e075b1e55bb4cee37981404386671c0d18d82eaf5decd10f9f2daee8a05","NPS","BAL","04ff14276199969c3a58c2aa558e3ad11266e0280fade7d8fdc4edb133663ea9",2021-05-10 10:49:23,2021-05-01,2021-05-09,"PI3",0
"357","4","Belgium","Unknown",NA,"5e387e075b1e55bb4cee37981404386671c0d18d82eaf5decd10f9f2daee8a05","NPS","BAL","04ff14276199969c3a58c2aa558e3ad11266e0280fade7d8fdc4edb133663ea9",2021-05-10 10:49:23,2021-05-01,2021-05-09,"BCV",0
"358","4","Belgium","Unknown",NA,"6103eaafbedc45c707252162c622c99d1377566a56c55db8fb029270f33d2374","NPS","Swab","20de50c5e5cbd4d4110ad1933c7f7d9e1de584fa17a3d161b0710798dd79b439",2021-09-01 17:14:22,2021-09-01,2021-08-29,"PM",0
"359","4","Belgium","Unknown",NA,"6103eaafbedc45c707252162c622c99d1377566a56c55db8fb029270f33d2374","NPS","Swab","20de50c5e5cbd4d4110ad1933c7f7d9e1de584fa17a3d161b0710798dd79b439",2021-09-01 17:14:22,2021-09-01,2021-08-29,"MH",0
"360","4","Belgium","Unknown",NA,"6103eaafbedc45c707252162c622c99d1377566a56c55db8fb029270f33d2374","NPS","Swab","20de50c5e5cbd4d4110ad1933c7f7d9e1de584fa17a3d161b0710798dd79b439",2021-09-01 17:14:22,2021-09-01,2021-08-29,"HS",0
"361","4","Belgium","Unknown",NA,"6103eaafbedc45c707252162c622c99d1377566a56c55db8fb029270f33d2374","NPS","Swab","20de50c5e5cbd4d4110ad1933c7f7d9e1de584fa17a3d161b0710798dd79b439",2021-09-01 17:14:22,2021-09-01,2021-08-29,"MB",0
"362","4","Belgium","Unknown",NA,"6103eaafbedc45c707252162c622c99d1377566a56c55db8fb029270f33d2374","NPS","Swab","20de50c5e5cbd4d4110ad1933c7f7d9e1de584fa17a3d161b0710798dd79b439",2021-09-01 17:14:22,2021-09-01,2021-08-29,"BRSV",1
"363","4","Belgium","Unknown",NA,"6103eaafbedc45c707252162c622c99d1377566a56c55db8fb029270f33d2374","NPS","Swab","20de50c5e5cbd4d4110ad1933c7f7d9e1de584fa17a3d161b0710798dd79b439",2021-09-01 17:14:22,2021-09-01,2021-08-29,"PI3",0
"364","4","Belgium","Unknown",NA,"6103eaafbedc45c707252162c622c99d1377566a56c55db8fb029270f33d2374","NPS","Swab","20de50c5e5cbd4d4110ad1933c7f7d9e1de584fa17a3d161b0710798dd79b439",2021-09-01 17:14:22,2021-09-01,2021-08-29,"BCV",0
"365","4","Belgium","Unknown",NA,"6220b303a7d895e416a9f0816f12531d6e7e8754013db7de1c4173359aca7e52","NPS","BAL","29b72132c16974cc52c0c7d3f643261a74a62e9e2bdfb52b5129f6f14c5e3e25",2021-12-03 13:21:15,2021-12-01,2021-11-28,"PM",0
"366","4","Belgium","Unknown",NA,"6220b303a7d895e416a9f0816f12531d6e7e8754013db7de1c4173359aca7e52","NPS","BAL","29b72132c16974cc52c0c7d3f643261a74a62e9e2bdfb52b5129f6f14c5e3e25",2021-12-03 13:21:15,2021-12-01,2021-11-28,"MH",0
"367","4","Belgium","Unknown",NA,"6220b303a7d895e416a9f0816f12531d6e7e8754013db7de1c4173359aca7e52","NPS","BAL","29b72132c16974cc52c0c7d3f643261a74a62e9e2bdfb52b5129f6f14c5e3e25",2021-12-03 13:21:15,2021-12-01,2021-11-28,"HS",0
"368","4","Belgium","Unknown",NA,"6220b303a7d895e416a9f0816f12531d6e7e8754013db7de1c4173359aca7e52","NPS","BAL","29b72132c16974cc52c0c7d3f643261a74a62e9e2bdfb52b5129f6f14c5e3e25",2021-12-03 13:21:15,2021-12-01,2021-11-28,"MB",0
"369","4","Belgium","Unknown",NA,"6220b303a7d895e416a9f0816f12531d6e7e8754013db7de1c4173359aca7e52","NPS","BAL","29b72132c16974cc52c0c7d3f643261a74a62e9e2bdfb52b5129f6f14c5e3e25",2021-12-03 13:21:15,2021-12-01,2021-11-28,"BRSV",0
"370","4","Belgium","Unknown",NA,"6220b303a7d895e416a9f0816f12531d6e7e8754013db7de1c4173359aca7e52","NPS","BAL","29b72132c16974cc52c0c7d3f643261a74a62e9e2bdfb52b5129f6f14c5e3e25",2021-12-03 13:21:15,2021-12-01,2021-11-28,"PI3",0
"371","4","Belgium","Unknown",NA,"6220b303a7d895e416a9f0816f12531d6e7e8754013db7de1c4173359aca7e52","NPS","BAL","29b72132c16974cc52c0c7d3f643261a74a62e9e2bdfb52b5129f6f14c5e3e25",2021-12-03 13:21:15,2021-12-01,2021-11-28,"BCV",0
"372","4","Belgium","Unknown",NA,"6220b303a7d895e416a9f0816f12531d6e7e8754013db7de1c4173359aca7e52","NPS","BAL","29ed487a5ab401890a08b02767670f620f780f930695a38f829e5b147d69fe83",2021-12-03 13:21:15,2021-12-01,2021-11-28,"PM",0
"373","4","Belgium","Unknown",NA,"6220b303a7d895e416a9f0816f12531d6e7e8754013db7de1c4173359aca7e52","NPS","BAL","29ed487a5ab401890a08b02767670f620f780f930695a38f829e5b147d69fe83",2021-12-03 13:21:15,2021-12-01,2021-11-28,"MH",0
"374","4","Belgium","Unknown",NA,"6220b303a7d895e416a9f0816f12531d6e7e8754013db7de1c4173359aca7e52","NPS","BAL","29ed487a5ab401890a08b02767670f620f780f930695a38f829e5b147d69fe83",2021-12-03 13:21:15,2021-12-01,2021-11-28,"HS",0
"375","4","Belgium","Unknown",NA,"6220b303a7d895e416a9f0816f12531d6e7e8754013db7de1c4173359aca7e52","NPS","BAL","29ed487a5ab401890a08b02767670f620f780f930695a38f829e5b147d69fe83",2021-12-03 13:21:15,2021-12-01,2021-11-28,"MB",0
"376","4","Belgium","Unknown",NA,"6220b303a7d895e416a9f0816f12531d6e7e8754013db7de1c4173359aca7e52","NPS","BAL","29ed487a5ab401890a08b02767670f620f780f930695a38f829e5b147d69fe83",2021-12-03 13:21:15,2021-12-01,2021-11-28,"BRSV",1
"377","4","Belgium","Unknown",NA,"6220b303a7d895e416a9f0816f12531d6e7e8754013db7de1c4173359aca7e52","NPS","BAL","29ed487a5ab401890a08b02767670f620f780f930695a38f829e5b147d69fe83",2021-12-03 13:21:15,2021-12-01,2021-11-28,"PI3",0
"378","4","Belgium","Unknown",NA,"6220b303a7d895e416a9f0816f12531d6e7e8754013db7de1c4173359aca7e52","NPS","BAL","29ed487a5ab401890a08b02767670f620f780f930695a38f829e5b147d69fe83",2021-12-03 13:21:15,2021-12-01,2021-11-28,"BCV",0
"379","4","Belgium","Unknown",NA,"6220b303a7d895e416a9f0816f12531d6e7e8754013db7de1c4173359aca7e52","NPS","BAL","31c90b860ef80dd90b19bc418bdd941b42c0e9a41fcb6b3deae33f5a568fb1a5",2021-12-03 13:21:15,2021-12-01,2021-11-28,"PM",0
"380","4","Belgium","Unknown",NA,"6220b303a7d895e416a9f0816f12531d6e7e8754013db7de1c4173359aca7e52","NPS","BAL","31c90b860ef80dd90b19bc418bdd941b42c0e9a41fcb6b3deae33f5a568fb1a5",2021-12-03 13:21:15,2021-12-01,2021-11-28,"MH",0
"381","4","Belgium","Unknown",NA,"6220b303a7d895e416a9f0816f12531d6e7e8754013db7de1c4173359aca7e52","NPS","BAL","31c90b860ef80dd90b19bc418bdd941b42c0e9a41fcb6b3deae33f5a568fb1a5",2021-12-03 13:21:15,2021-12-01,2021-11-28,"HS",0
"382","4","Belgium","Unknown",NA,"6220b303a7d895e416a9f0816f12531d6e7e8754013db7de1c4173359aca7e52","NPS","BAL","31c90b860ef80dd90b19bc418bdd941b42c0e9a41fcb6b3deae33f5a568fb1a5",2021-12-03 13:21:15,2021-12-01,2021-11-28,"MB",0
"383","4","Belgium","Unknown",NA,"6220b303a7d895e416a9f0816f12531d6e7e8754013db7de1c4173359aca7e52","NPS","BAL","31c90b860ef80dd90b19bc418bdd941b42c0e9a41fcb6b3deae33f5a568fb1a5",2021-12-03 13:21:15,2021-12-01,2021-11-28,"BRSV",0
"384","4","Belgium","Unknown",NA,"6220b303a7d895e416a9f0816f12531d6e7e8754013db7de1c4173359aca7e52","NPS","BAL","31c90b860ef80dd90b19bc418bdd941b42c0e9a41fcb6b3deae33f5a568fb1a5",2021-12-03 13:21:15,2021-12-01,2021-11-28,"PI3",0
"385","4","Belgium","Unknown",NA,"6220b303a7d895e416a9f0816f12531d6e7e8754013db7de1c4173359aca7e52","NPS","BAL","31c90b860ef80dd90b19bc418bdd941b42c0e9a41fcb6b3deae33f5a568fb1a5",2021-12-03 13:21:15,2021-12-01,2021-11-28,"BCV",0
"386","4","Belgium","Unknown",NA,"6220b303a7d895e416a9f0816f12531d6e7e8754013db7de1c4173359aca7e52","NPS","BAL","4121d897f5b0418233c291f0e14442ad25d02d2186daaf2ebf33f92bb5bcda46",2021-12-03 13:21:15,2021-12-01,2021-11-28,"PM",0
"387","4","Belgium","Unknown",NA,"6220b303a7d895e416a9f0816f12531d6e7e8754013db7de1c4173359aca7e52","NPS","BAL","4121d897f5b0418233c291f0e14442ad25d02d2186daaf2ebf33f92bb5bcda46",2021-12-03 13:21:15,2021-12-01,2021-11-28,"MH",0
"388","4","Belgium","Unknown",NA,"6220b303a7d895e416a9f0816f12531d6e7e8754013db7de1c4173359aca7e52","NPS","BAL","4121d897f5b0418233c291f0e14442ad25d02d2186daaf2ebf33f92bb5bcda46",2021-12-03 13:21:15,2021-12-01,2021-11-28,"HS",0
"389","4","Belgium","Unknown",NA,"6220b303a7d895e416a9f0816f12531d6e7e8754013db7de1c4173359aca7e52","NPS","BAL","4121d897f5b0418233c291f0e14442ad25d02d2186daaf2ebf33f92bb5bcda46",2021-12-03 13:21:15,2021-12-01,2021-11-28,"MB",0
"390","4","Belgium","Unknown",NA,"6220b303a7d895e416a9f0816f12531d6e7e8754013db7de1c4173359aca7e52","NPS","BAL","4121d897f5b0418233c291f0e14442ad25d02d2186daaf2ebf33f92bb5bcda46",2021-12-03 13:21:15,2021-12-01,2021-11-28,"BRSV",1
"391","4","Belgium","Unknown",NA,"6220b303a7d895e416a9f0816f12531d6e7e8754013db7de1c4173359aca7e52","NPS","BAL","4121d897f5b0418233c291f0e14442ad25d02d2186daaf2ebf33f92bb5bcda46",2021-12-03 13:21:15,2021-12-01,2021-11-28,"PI3",0
"392","4","Belgium","Unknown",NA,"6220b303a7d895e416a9f0816f12531d6e7e8754013db7de1c4173359aca7e52","NPS","BAL","4121d897f5b0418233c291f0e14442ad25d02d2186daaf2ebf33f92bb5bcda46",2021-12-03 13:21:15,2021-12-01,2021-11-28,"BCV",0
"393","4","Belgium","Unknown",NA,"6220b303a7d895e416a9f0816f12531d6e7e8754013db7de1c4173359aca7e52","NPS","BAL","d64020634ef61665444e23e74946dd02b6ab9961efc7aaf52d5c161f3f55a953",2021-12-03 13:21:15,2021-12-01,2021-11-28,"PM",1
"394","4","Belgium","Unknown",NA,"6220b303a7d895e416a9f0816f12531d6e7e8754013db7de1c4173359aca7e52","NPS","BAL","d64020634ef61665444e23e74946dd02b6ab9961efc7aaf52d5c161f3f55a953",2021-12-03 13:21:15,2021-12-01,2021-11-28,"MH",0
"395","4","Belgium","Unknown",NA,"6220b303a7d895e416a9f0816f12531d6e7e8754013db7de1c4173359aca7e52","NPS","BAL","d64020634ef61665444e23e74946dd02b6ab9961efc7aaf52d5c161f3f55a953",2021-12-03 13:21:15,2021-12-01,2021-11-28,"HS",0
"396","4","Belgium","Unknown",NA,"6220b303a7d895e416a9f0816f12531d6e7e8754013db7de1c4173359aca7e52","NPS","BAL","d64020634ef61665444e23e74946dd02b6ab9961efc7aaf52d5c161f3f55a953",2021-12-03 13:21:15,2021-12-01,2021-11-28,"MB",0
"397","4","Belgium","Unknown",NA,"6220b303a7d895e416a9f0816f12531d6e7e8754013db7de1c4173359aca7e52","NPS","BAL","d64020634ef61665444e23e74946dd02b6ab9961efc7aaf52d5c161f3f55a953",2021-12-03 13:21:15,2021-12-01,2021-11-28,"BRSV",1
"398","4","Belgium","Unknown",NA,"6220b303a7d895e416a9f0816f12531d6e7e8754013db7de1c4173359aca7e52","NPS","BAL","d64020634ef61665444e23e74946dd02b6ab9961efc7aaf52d5c161f3f55a953",2021-12-03 13:21:15,2021-12-01,2021-11-28,"PI3",0
"399","4","Belgium","Unknown",NA,"6220b303a7d895e416a9f0816f12531d6e7e8754013db7de1c4173359aca7e52","NPS","BAL","d64020634ef61665444e23e74946dd02b6ab9961efc7aaf52d5c161f3f55a953",2021-12-03 13:21:15,2021-12-01,2021-11-28,"BCV",0
"400","4","Belgium","Unknown",NA,"68c599738e42780938995a41ebe1cc8f054726a7325e7bb417bf37772df2150a","NPS","Swab","f91f00516f6b9a94189afffbb649868bf5f25b2351444cc308527263315458e1",2022-01-24 10:04:24,2022-01-01,2022-01-23,"PM",0
"401","4","Belgium","Unknown",NA,"68c599738e42780938995a41ebe1cc8f054726a7325e7bb417bf37772df2150a","NPS","Swab","f91f00516f6b9a94189afffbb649868bf5f25b2351444cc308527263315458e1",2022-01-24 10:04:24,2022-01-01,2022-01-23,"MH",0
"402","4","Belgium","Unknown",NA,"68c599738e42780938995a41ebe1cc8f054726a7325e7bb417bf37772df2150a","NPS","Swab","f91f00516f6b9a94189afffbb649868bf5f25b2351444cc308527263315458e1",2022-01-24 10:04:24,2022-01-01,2022-01-23,"HS",0
"403","4","Belgium","Unknown",NA,"68c599738e42780938995a41ebe1cc8f054726a7325e7bb417bf37772df2150a","NPS","Swab","f91f00516f6b9a94189afffbb649868bf5f25b2351444cc308527263315458e1",2022-01-24 10:04:24,2022-01-01,2022-01-23,"MB",0
"404","4","Belgium","Unknown",NA,"68c599738e42780938995a41ebe1cc8f054726a7325e7bb417bf37772df2150a","NPS","Swab","f91f00516f6b9a94189afffbb649868bf5f25b2351444cc308527263315458e1",2022-01-24 10:04:24,2022-01-01,2022-01-23,"BRSV",0
"405","4","Belgium","Unknown",NA,"68c599738e42780938995a41ebe1cc8f054726a7325e7bb417bf37772df2150a","NPS","Swab","f91f00516f6b9a94189afffbb649868bf5f25b2351444cc308527263315458e1",2022-01-24 10:04:24,2022-01-01,2022-01-23,"PI3",0
"406","4","Belgium","Unknown",NA,"68c599738e42780938995a41ebe1cc8f054726a7325e7bb417bf37772df2150a","NPS","Swab","f91f00516f6b9a94189afffbb649868bf5f25b2351444cc308527263315458e1",2022-01-24 10:04:24,2022-01-01,2022-01-23,"BCV",1
"407","4","Belgium","Unknown",NA,"6f61b0f46a6129d140a8d29dc8c1db963db32a5a6efb4ae2857d3f53f9b11b6e","NPS","BAL","1089c7c8b99b159441206d96e5bd6246556f0d8d4d41d3b8a96a9298354bd19f",2022-02-03 15:10:11,2022-02-01,2022-01-30,"PM",0
"408","4","Belgium","Unknown",NA,"6f61b0f46a6129d140a8d29dc8c1db963db32a5a6efb4ae2857d3f53f9b11b6e","NPS","BAL","1089c7c8b99b159441206d96e5bd6246556f0d8d4d41d3b8a96a9298354bd19f",2022-02-03 15:10:11,2022-02-01,2022-01-30,"MH",0
"409","4","Belgium","Unknown",NA,"6f61b0f46a6129d140a8d29dc8c1db963db32a5a6efb4ae2857d3f53f9b11b6e","NPS","BAL","1089c7c8b99b159441206d96e5bd6246556f0d8d4d41d3b8a96a9298354bd19f",2022-02-03 15:10:11,2022-02-01,2022-01-30,"HS",0
"410","4","Belgium","Unknown",NA,"6f61b0f46a6129d140a8d29dc8c1db963db32a5a6efb4ae2857d3f53f9b11b6e","NPS","BAL","1089c7c8b99b159441206d96e5bd6246556f0d8d4d41d3b8a96a9298354bd19f",2022-02-03 15:10:11,2022-02-01,2022-01-30,"MB",0
"411","4","Belgium","Unknown",NA,"6f61b0f46a6129d140a8d29dc8c1db963db32a5a6efb4ae2857d3f53f9b11b6e","NPS","BAL","1089c7c8b99b159441206d96e5bd6246556f0d8d4d41d3b8a96a9298354bd19f",2022-02-03 15:10:11,2022-02-01,2022-01-30,"BRSV",0
"412","4","Belgium","Unknown",NA,"6f61b0f46a6129d140a8d29dc8c1db963db32a5a6efb4ae2857d3f53f9b11b6e","NPS","BAL","1089c7c8b99b159441206d96e5bd6246556f0d8d4d41d3b8a96a9298354bd19f",2022-02-03 15:10:11,2022-02-01,2022-01-30,"PI3",0
"413","4","Belgium","Unknown",NA,"6f61b0f46a6129d140a8d29dc8c1db963db32a5a6efb4ae2857d3f53f9b11b6e","NPS","BAL","1089c7c8b99b159441206d96e5bd6246556f0d8d4d41d3b8a96a9298354bd19f",2022-02-03 15:10:11,2022-02-01,2022-01-30,"BCV",0
"414","4","Belgium","Unknown",NA,"72c2a3e487faabc67ff675a2b1e0f5e282a0d26d17c67e4cb803f38d84fbe9a4","NPS","BAL","4096d7e70459c2d39665ee41295bdf37ecbd8f456ea2774746dcf754e12bb669",2022-05-06 10:18:09,2022-05-01,2022-05-01,"PM",0
"415","4","Belgium","Unknown",NA,"72c2a3e487faabc67ff675a2b1e0f5e282a0d26d17c67e4cb803f38d84fbe9a4","NPS","BAL","4096d7e70459c2d39665ee41295bdf37ecbd8f456ea2774746dcf754e12bb669",2022-05-06 10:18:09,2022-05-01,2022-05-01,"MH",0
"416","4","Belgium","Unknown",NA,"72c2a3e487faabc67ff675a2b1e0f5e282a0d26d17c67e4cb803f38d84fbe9a4","NPS","BAL","4096d7e70459c2d39665ee41295bdf37ecbd8f456ea2774746dcf754e12bb669",2022-05-06 10:18:09,2022-05-01,2022-05-01,"HS",0
"417","4","Belgium","Unknown",NA,"72c2a3e487faabc67ff675a2b1e0f5e282a0d26d17c67e4cb803f38d84fbe9a4","NPS","BAL","4096d7e70459c2d39665ee41295bdf37ecbd8f456ea2774746dcf754e12bb669",2022-05-06 10:18:09,2022-05-01,2022-05-01,"MB",1
"418","4","Belgium","Unknown",NA,"72c2a3e487faabc67ff675a2b1e0f5e282a0d26d17c67e4cb803f38d84fbe9a4","NPS","BAL","4096d7e70459c2d39665ee41295bdf37ecbd8f456ea2774746dcf754e12bb669",2022-05-06 10:18:09,2022-05-01,2022-05-01,"BRSV",0
"419","4","Belgium","Unknown",NA,"72c2a3e487faabc67ff675a2b1e0f5e282a0d26d17c67e4cb803f38d84fbe9a4","NPS","BAL","4096d7e70459c2d39665ee41295bdf37ecbd8f456ea2774746dcf754e12bb669",2022-05-06 10:18:09,2022-05-01,2022-05-01,"PI3",0
"420","4","Belgium","Unknown",NA,"72c2a3e487faabc67ff675a2b1e0f5e282a0d26d17c67e4cb803f38d84fbe9a4","NPS","BAL","4096d7e70459c2d39665ee41295bdf37ecbd8f456ea2774746dcf754e12bb669",2022-05-06 10:18:09,2022-05-01,2022-05-01,"BCV",0
"421","4","Belgium","Unknown",NA,"7420206aeffb65b9d188641c6dcf7ab3ac90ed5f5ad35f740aab23c90729b258","NPS","BAL","0376a3d5aeb3a4710fe207e09616139eaeca3227823cb44240bdf44d4caba1c6",2022-02-23 15:02:17,2022-02-01,2022-02-20,"PM",0
"422","4","Belgium","Unknown",NA,"7420206aeffb65b9d188641c6dcf7ab3ac90ed5f5ad35f740aab23c90729b258","NPS","BAL","0376a3d5aeb3a4710fe207e09616139eaeca3227823cb44240bdf44d4caba1c6",2022-02-23 15:02:17,2022-02-01,2022-02-20,"MH",0
"423","4","Belgium","Unknown",NA,"7420206aeffb65b9d188641c6dcf7ab3ac90ed5f5ad35f740aab23c90729b258","NPS","BAL","0376a3d5aeb3a4710fe207e09616139eaeca3227823cb44240bdf44d4caba1c6",2022-02-23 15:02:17,2022-02-01,2022-02-20,"HS",0
"424","4","Belgium","Unknown",NA,"7420206aeffb65b9d188641c6dcf7ab3ac90ed5f5ad35f740aab23c90729b258","NPS","BAL","0376a3d5aeb3a4710fe207e09616139eaeca3227823cb44240bdf44d4caba1c6",2022-02-23 15:02:17,2022-02-01,2022-02-20,"MB",0
"425","4","Belgium","Unknown",NA,"7420206aeffb65b9d188641c6dcf7ab3ac90ed5f5ad35f740aab23c90729b258","NPS","BAL","0376a3d5aeb3a4710fe207e09616139eaeca3227823cb44240bdf44d4caba1c6",2022-02-23 15:02:17,2022-02-01,2022-02-20,"BRSV",0
"426","4","Belgium","Unknown",NA,"7420206aeffb65b9d188641c6dcf7ab3ac90ed5f5ad35f740aab23c90729b258","NPS","BAL","0376a3d5aeb3a4710fe207e09616139eaeca3227823cb44240bdf44d4caba1c6",2022-02-23 15:02:17,2022-02-01,2022-02-20,"PI3",0
"427","4","Belgium","Unknown",NA,"7420206aeffb65b9d188641c6dcf7ab3ac90ed5f5ad35f740aab23c90729b258","NPS","BAL","0376a3d5aeb3a4710fe207e09616139eaeca3227823cb44240bdf44d4caba1c6",2022-02-23 15:02:17,2022-02-01,2022-02-20,"BCV",0
"428","4","Belgium","Unknown",NA,"7880bd7fe5dcd28637eade8b95c42961c6c5acffa946a671aa0f01ce3a3479bc","NPS","BAL","35ca46713cea7233ec955b340b044a986726e9e419213f832de1469692b7ce26",2020-10-22 08:48:27,2020-10-01,2020-10-18,"PM",0
"429","4","Belgium","Unknown",NA,"7880bd7fe5dcd28637eade8b95c42961c6c5acffa946a671aa0f01ce3a3479bc","NPS","BAL","35ca46713cea7233ec955b340b044a986726e9e419213f832de1469692b7ce26",2020-10-22 08:48:27,2020-10-01,2020-10-18,"MH",0
"430","4","Belgium","Unknown",NA,"7880bd7fe5dcd28637eade8b95c42961c6c5acffa946a671aa0f01ce3a3479bc","NPS","BAL","35ca46713cea7233ec955b340b044a986726e9e419213f832de1469692b7ce26",2020-10-22 08:48:27,2020-10-01,2020-10-18,"HS",0
"431","4","Belgium","Unknown",NA,"7880bd7fe5dcd28637eade8b95c42961c6c5acffa946a671aa0f01ce3a3479bc","NPS","BAL","35ca46713cea7233ec955b340b044a986726e9e419213f832de1469692b7ce26",2020-10-22 08:48:27,2020-10-01,2020-10-18,"MB",0
"432","4","Belgium","Unknown",NA,"7880bd7fe5dcd28637eade8b95c42961c6c5acffa946a671aa0f01ce3a3479bc","NPS","BAL","35ca46713cea7233ec955b340b044a986726e9e419213f832de1469692b7ce26",2020-10-22 08:48:27,2020-10-01,2020-10-18,"BRSV",0
"433","4","Belgium","Unknown",NA,"7880bd7fe5dcd28637eade8b95c42961c6c5acffa946a671aa0f01ce3a3479bc","NPS","BAL","35ca46713cea7233ec955b340b044a986726e9e419213f832de1469692b7ce26",2020-10-22 08:48:27,2020-10-01,2020-10-18,"PI3",0
"434","4","Belgium","Unknown",NA,"7880bd7fe5dcd28637eade8b95c42961c6c5acffa946a671aa0f01ce3a3479bc","NPS","BAL","35ca46713cea7233ec955b340b044a986726e9e419213f832de1469692b7ce26",2020-10-22 08:48:27,2020-10-01,2020-10-18,"BCV",0
"435","4","Belgium","Unknown",NA,"7880bd7fe5dcd28637eade8b95c42961c6c5acffa946a671aa0f01ce3a3479bc","NPS","BAL","41966e55400c17d811391ad507c6af707e42e5528f54cb9734571def64c0e97c",2020-10-22 08:48:27,2020-10-01,2020-10-18,"PM",0
"436","4","Belgium","Unknown",NA,"7880bd7fe5dcd28637eade8b95c42961c6c5acffa946a671aa0f01ce3a3479bc","NPS","BAL","41966e55400c17d811391ad507c6af707e42e5528f54cb9734571def64c0e97c",2020-10-22 08:48:27,2020-10-01,2020-10-18,"MH",0
"437","4","Belgium","Unknown",NA,"7880bd7fe5dcd28637eade8b95c42961c6c5acffa946a671aa0f01ce3a3479bc","NPS","BAL","41966e55400c17d811391ad507c6af707e42e5528f54cb9734571def64c0e97c",2020-10-22 08:48:27,2020-10-01,2020-10-18,"HS",0
"438","4","Belgium","Unknown",NA,"7880bd7fe5dcd28637eade8b95c42961c6c5acffa946a671aa0f01ce3a3479bc","NPS","BAL","41966e55400c17d811391ad507c6af707e42e5528f54cb9734571def64c0e97c",2020-10-22 08:48:27,2020-10-01,2020-10-18,"MB",0
"439","4","Belgium","Unknown",NA,"7880bd7fe5dcd28637eade8b95c42961c6c5acffa946a671aa0f01ce3a3479bc","NPS","BAL","41966e55400c17d811391ad507c6af707e42e5528f54cb9734571def64c0e97c",2020-10-22 08:48:27,2020-10-01,2020-10-18,"BRSV",0
"440","4","Belgium","Unknown",NA,"7880bd7fe5dcd28637eade8b95c42961c6c5acffa946a671aa0f01ce3a3479bc","NPS","BAL","41966e55400c17d811391ad507c6af707e42e5528f54cb9734571def64c0e97c",2020-10-22 08:48:27,2020-10-01,2020-10-18,"PI3",0
"441","4","Belgium","Unknown",NA,"7880bd7fe5dcd28637eade8b95c42961c6c5acffa946a671aa0f01ce3a3479bc","NPS","BAL","41966e55400c17d811391ad507c6af707e42e5528f54cb9734571def64c0e97c",2020-10-22 08:48:27,2020-10-01,2020-10-18,"BCV",0
"442","4","Belgium","Unknown",NA,"7880bd7fe5dcd28637eade8b95c42961c6c5acffa946a671aa0f01ce3a3479bc","NPS","BAL","6cc6eefb674286f7d1a0e4adaa840670dafa7870f77c7d6d73d5924c44ce3bff",2020-10-22 08:48:27,2020-10-01,2020-10-18,"PM",0
"443","4","Belgium","Unknown",NA,"7880bd7fe5dcd28637eade8b95c42961c6c5acffa946a671aa0f01ce3a3479bc","NPS","BAL","6cc6eefb674286f7d1a0e4adaa840670dafa7870f77c7d6d73d5924c44ce3bff",2020-10-22 08:48:27,2020-10-01,2020-10-18,"MH",0
"444","4","Belgium","Unknown",NA,"7880bd7fe5dcd28637eade8b95c42961c6c5acffa946a671aa0f01ce3a3479bc","NPS","BAL","6cc6eefb674286f7d1a0e4adaa840670dafa7870f77c7d6d73d5924c44ce3bff",2020-10-22 08:48:27,2020-10-01,2020-10-18,"HS",0
"445","4","Belgium","Unknown",NA,"7880bd7fe5dcd28637eade8b95c42961c6c5acffa946a671aa0f01ce3a3479bc","NPS","BAL","6cc6eefb674286f7d1a0e4adaa840670dafa7870f77c7d6d73d5924c44ce3bff",2020-10-22 08:48:27,2020-10-01,2020-10-18,"MB",0
"446","4","Belgium","Unknown",NA,"7880bd7fe5dcd28637eade8b95c42961c6c5acffa946a671aa0f01ce3a3479bc","NPS","BAL","6cc6eefb674286f7d1a0e4adaa840670dafa7870f77c7d6d73d5924c44ce3bff",2020-10-22 08:48:27,2020-10-01,2020-10-18,"BRSV",0
"447","4","Belgium","Unknown",NA,"7880bd7fe5dcd28637eade8b95c42961c6c5acffa946a671aa0f01ce3a3479bc","NPS","BAL","6cc6eefb674286f7d1a0e4adaa840670dafa7870f77c7d6d73d5924c44ce3bff",2020-10-22 08:48:27,2020-10-01,2020-10-18,"PI3",0
"448","4","Belgium","Unknown",NA,"7880bd7fe5dcd28637eade8b95c42961c6c5acffa946a671aa0f01ce3a3479bc","NPS","BAL","6cc6eefb674286f7d1a0e4adaa840670dafa7870f77c7d6d73d5924c44ce3bff",2020-10-22 08:48:27,2020-10-01,2020-10-18,"BCV",0
"449","4","Belgium","Unknown",NA,"7880bd7fe5dcd28637eade8b95c42961c6c5acffa946a671aa0f01ce3a3479bc","NPS","BAL","96be21608a6aa9d2424e4af66984baf4a32690789ed4f30fdacbeaaca72ce260",2020-10-22 08:48:27,2020-10-01,2020-10-18,"PM",0
"450","4","Belgium","Unknown",NA,"7880bd7fe5dcd28637eade8b95c42961c6c5acffa946a671aa0f01ce3a3479bc","NPS","BAL","96be21608a6aa9d2424e4af66984baf4a32690789ed4f30fdacbeaaca72ce260",2020-10-22 08:48:27,2020-10-01,2020-10-18,"MH",0
"451","4","Belgium","Unknown",NA,"7880bd7fe5dcd28637eade8b95c42961c6c5acffa946a671aa0f01ce3a3479bc","NPS","BAL","96be21608a6aa9d2424e4af66984baf4a32690789ed4f30fdacbeaaca72ce260",2020-10-22 08:48:27,2020-10-01,2020-10-18,"HS",0
"452","4","Belgium","Unknown",NA,"7880bd7fe5dcd28637eade8b95c42961c6c5acffa946a671aa0f01ce3a3479bc","NPS","BAL","96be21608a6aa9d2424e4af66984baf4a32690789ed4f30fdacbeaaca72ce260",2020-10-22 08:48:27,2020-10-01,2020-10-18,"MB",0
"453","4","Belgium","Unknown",NA,"7880bd7fe5dcd28637eade8b95c42961c6c5acffa946a671aa0f01ce3a3479bc","NPS","BAL","96be21608a6aa9d2424e4af66984baf4a32690789ed4f30fdacbeaaca72ce260",2020-10-22 08:48:27,2020-10-01,2020-10-18,"BRSV",0
"454","4","Belgium","Unknown",NA,"7880bd7fe5dcd28637eade8b95c42961c6c5acffa946a671aa0f01ce3a3479bc","NPS","BAL","96be21608a6aa9d2424e4af66984baf4a32690789ed4f30fdacbeaaca72ce260",2020-10-22 08:48:27,2020-10-01,2020-10-18,"PI3",0
"455","4","Belgium","Unknown",NA,"7880bd7fe5dcd28637eade8b95c42961c6c5acffa946a671aa0f01ce3a3479bc","NPS","BAL","96be21608a6aa9d2424e4af66984baf4a32690789ed4f30fdacbeaaca72ce260",2020-10-22 08:48:27,2020-10-01,2020-10-18,"BCV",0
"456","4","Belgium","Unknown",NA,"7880bd7fe5dcd28637eade8b95c42961c6c5acffa946a671aa0f01ce3a3479bc","NPS","BAL","d7008e68b135c3c77bdf98063491d09b02f1f28337dea8bb0e0dc7c0f3084db6",2020-10-22 08:48:27,2020-10-01,2020-10-18,"PM",0
"457","4","Belgium","Unknown",NA,"7880bd7fe5dcd28637eade8b95c42961c6c5acffa946a671aa0f01ce3a3479bc","NPS","BAL","d7008e68b135c3c77bdf98063491d09b02f1f28337dea8bb0e0dc7c0f3084db6",2020-10-22 08:48:27,2020-10-01,2020-10-18,"MH",0
"458","4","Belgium","Unknown",NA,"7880bd7fe5dcd28637eade8b95c42961c6c5acffa946a671aa0f01ce3a3479bc","NPS","BAL","d7008e68b135c3c77bdf98063491d09b02f1f28337dea8bb0e0dc7c0f3084db6",2020-10-22 08:48:27,2020-10-01,2020-10-18,"HS",0
"459","4","Belgium","Unknown",NA,"7880bd7fe5dcd28637eade8b95c42961c6c5acffa946a671aa0f01ce3a3479bc","NPS","BAL","d7008e68b135c3c77bdf98063491d09b02f1f28337dea8bb0e0dc7c0f3084db6",2020-10-22 08:48:27,2020-10-01,2020-10-18,"MB",0
"460","4","Belgium","Unknown",NA,"7880bd7fe5dcd28637eade8b95c42961c6c5acffa946a671aa0f01ce3a3479bc","NPS","BAL","d7008e68b135c3c77bdf98063491d09b02f1f28337dea8bb0e0dc7c0f3084db6",2020-10-22 08:48:27,2020-10-01,2020-10-18,"BRSV",0
"461","4","Belgium","Unknown",NA,"7880bd7fe5dcd28637eade8b95c42961c6c5acffa946a671aa0f01ce3a3479bc","NPS","BAL","d7008e68b135c3c77bdf98063491d09b02f1f28337dea8bb0e0dc7c0f3084db6",2020-10-22 08:48:27,2020-10-01,2020-10-18,"PI3",0
"462","4","Belgium","Unknown",NA,"7880bd7fe5dcd28637eade8b95c42961c6c5acffa946a671aa0f01ce3a3479bc","NPS","BAL","d7008e68b135c3c77bdf98063491d09b02f1f28337dea8bb0e0dc7c0f3084db6",2020-10-22 08:48:27,2020-10-01,2020-10-18,"BCV",0
"463","4","Belgium","Unknown",NA,"7e8e682553c7dc5542418b926faaa1c6ab1da0c28b10e99ed00f277ba84fcacb","NPS","BAL","e09178c40736ccaa5b418ebaeff8154042a81b1b32f1d2b85826e01bcf64027d",2022-02-11 14:56:51,2022-02-01,2022-02-06,"PM",0
"464","4","Belgium","Unknown",NA,"7e8e682553c7dc5542418b926faaa1c6ab1da0c28b10e99ed00f277ba84fcacb","NPS","BAL","e09178c40736ccaa5b418ebaeff8154042a81b1b32f1d2b85826e01bcf64027d",2022-02-11 14:56:51,2022-02-01,2022-02-06,"MH",0
"465","4","Belgium","Unknown",NA,"7e8e682553c7dc5542418b926faaa1c6ab1da0c28b10e99ed00f277ba84fcacb","NPS","BAL","e09178c40736ccaa5b418ebaeff8154042a81b1b32f1d2b85826e01bcf64027d",2022-02-11 14:56:51,2022-02-01,2022-02-06,"HS",0
"466","4","Belgium","Unknown",NA,"7e8e682553c7dc5542418b926faaa1c6ab1da0c28b10e99ed00f277ba84fcacb","NPS","BAL","e09178c40736ccaa5b418ebaeff8154042a81b1b32f1d2b85826e01bcf64027d",2022-02-11 14:56:51,2022-02-01,2022-02-06,"MB",0
"467","4","Belgium","Unknown",NA,"7e8e682553c7dc5542418b926faaa1c6ab1da0c28b10e99ed00f277ba84fcacb","NPS","BAL","e09178c40736ccaa5b418ebaeff8154042a81b1b32f1d2b85826e01bcf64027d",2022-02-11 14:56:51,2022-02-01,2022-02-06,"BRSV",0
"468","4","Belgium","Unknown",NA,"7e8e682553c7dc5542418b926faaa1c6ab1da0c28b10e99ed00f277ba84fcacb","NPS","BAL","e09178c40736ccaa5b418ebaeff8154042a81b1b32f1d2b85826e01bcf64027d",2022-02-11 14:56:51,2022-02-01,2022-02-06,"PI3",0
"469","4","Belgium","Unknown",NA,"7e8e682553c7dc5542418b926faaa1c6ab1da0c28b10e99ed00f277ba84fcacb","NPS","BAL","e09178c40736ccaa5b418ebaeff8154042a81b1b32f1d2b85826e01bcf64027d",2022-02-11 14:56:51,2022-02-01,2022-02-06,"BCV",1
"470","4","Belgium","Unknown",NA,"8085a4db654a9e033f384613d589d15de84d9b36b192313ee0df7eb880954653","NPS","BAL","30e2c3d83db052c6d048a35bfcc66ee02062be961e0399fb7f040164d14a78db",2022-01-20 13:23:38,2022-01-01,2022-01-16,"PM",0
"471","4","Belgium","Unknown",NA,"8085a4db654a9e033f384613d589d15de84d9b36b192313ee0df7eb880954653","NPS","BAL","30e2c3d83db052c6d048a35bfcc66ee02062be961e0399fb7f040164d14a78db",2022-01-20 13:23:38,2022-01-01,2022-01-16,"MH",0
"472","4","Belgium","Unknown",NA,"8085a4db654a9e033f384613d589d15de84d9b36b192313ee0df7eb880954653","NPS","BAL","30e2c3d83db052c6d048a35bfcc66ee02062be961e0399fb7f040164d14a78db",2022-01-20 13:23:38,2022-01-01,2022-01-16,"HS",0
"473","4","Belgium","Unknown",NA,"8085a4db654a9e033f384613d589d15de84d9b36b192313ee0df7eb880954653","NPS","BAL","30e2c3d83db052c6d048a35bfcc66ee02062be961e0399fb7f040164d14a78db",2022-01-20 13:23:38,2022-01-01,2022-01-16,"MB",0
"474","4","Belgium","Unknown",NA,"8085a4db654a9e033f384613d589d15de84d9b36b192313ee0df7eb880954653","NPS","BAL","30e2c3d83db052c6d048a35bfcc66ee02062be961e0399fb7f040164d14a78db",2022-01-20 13:23:38,2022-01-01,2022-01-16,"BRSV",0
"475","4","Belgium","Unknown",NA,"8085a4db654a9e033f384613d589d15de84d9b36b192313ee0df7eb880954653","NPS","BAL","30e2c3d83db052c6d048a35bfcc66ee02062be961e0399fb7f040164d14a78db",2022-01-20 13:23:38,2022-01-01,2022-01-16,"PI3",0
"476","4","Belgium","Unknown",NA,"8085a4db654a9e033f384613d589d15de84d9b36b192313ee0df7eb880954653","NPS","BAL","30e2c3d83db052c6d048a35bfcc66ee02062be961e0399fb7f040164d14a78db",2022-01-20 13:23:38,2022-01-01,2022-01-16,"BCV",1
"477","4","Belgium","Unknown",NA,"818a291377e2e0e3288a8f721c3079afdd2259e1b6dae343289e3fd2b7df9144","NPS","BAL","d9a0a87140e95aec8fa4acb1e151f37120894a06063bfee45dee0e852d0e0560",2021-10-25 08:40:21,2021-10-01,2021-10-24,"PM",0
"478","4","Belgium","Unknown",NA,"818a291377e2e0e3288a8f721c3079afdd2259e1b6dae343289e3fd2b7df9144","NPS","BAL","d9a0a87140e95aec8fa4acb1e151f37120894a06063bfee45dee0e852d0e0560",2021-10-25 08:40:21,2021-10-01,2021-10-24,"MH",0
"479","4","Belgium","Unknown",NA,"818a291377e2e0e3288a8f721c3079afdd2259e1b6dae343289e3fd2b7df9144","NPS","BAL","d9a0a87140e95aec8fa4acb1e151f37120894a06063bfee45dee0e852d0e0560",2021-10-25 08:40:21,2021-10-01,2021-10-24,"HS",0
"480","4","Belgium","Unknown",NA,"818a291377e2e0e3288a8f721c3079afdd2259e1b6dae343289e3fd2b7df9144","NPS","BAL","d9a0a87140e95aec8fa4acb1e151f37120894a06063bfee45dee0e852d0e0560",2021-10-25 08:40:21,2021-10-01,2021-10-24,"MB",0
"481","4","Belgium","Unknown",NA,"818a291377e2e0e3288a8f721c3079afdd2259e1b6dae343289e3fd2b7df9144","NPS","BAL","d9a0a87140e95aec8fa4acb1e151f37120894a06063bfee45dee0e852d0e0560",2021-10-25 08:40:21,2021-10-01,2021-10-24,"BRSV",0
"482","4","Belgium","Unknown",NA,"818a291377e2e0e3288a8f721c3079afdd2259e1b6dae343289e3fd2b7df9144","NPS","BAL","d9a0a87140e95aec8fa4acb1e151f37120894a06063bfee45dee0e852d0e0560",2021-10-25 08:40:21,2021-10-01,2021-10-24,"PI3",0
"483","4","Belgium","Unknown",NA,"818a291377e2e0e3288a8f721c3079afdd2259e1b6dae343289e3fd2b7df9144","NPS","BAL","d9a0a87140e95aec8fa4acb1e151f37120894a06063bfee45dee0e852d0e0560",2021-10-25 08:40:21,2021-10-01,2021-10-24,"BCV",0
"484","4","Belgium","Unknown",NA,"85a0c85aa37d722d218815ffa1a4df4d00d0e461ff6eeea904446de2a77d3775","NPS","BAL","efec9aaf21433bf806e7681de337cac7dbecfbf17b22ad3bcdfe5e46e564f32f",2020-10-30 16:24:09,2020-10-01,2020-10-25,"PM",0
"485","4","Belgium","Unknown",NA,"85a0c85aa37d722d218815ffa1a4df4d00d0e461ff6eeea904446de2a77d3775","NPS","BAL","efec9aaf21433bf806e7681de337cac7dbecfbf17b22ad3bcdfe5e46e564f32f",2020-10-30 16:24:09,2020-10-01,2020-10-25,"MH",0
"486","4","Belgium","Unknown",NA,"85a0c85aa37d722d218815ffa1a4df4d00d0e461ff6eeea904446de2a77d3775","NPS","BAL","efec9aaf21433bf806e7681de337cac7dbecfbf17b22ad3bcdfe5e46e564f32f",2020-10-30 16:24:09,2020-10-01,2020-10-25,"HS",0
"487","4","Belgium","Unknown",NA,"85a0c85aa37d722d218815ffa1a4df4d00d0e461ff6eeea904446de2a77d3775","NPS","BAL","efec9aaf21433bf806e7681de337cac7dbecfbf17b22ad3bcdfe5e46e564f32f",2020-10-30 16:24:09,2020-10-01,2020-10-25,"MB",0
"488","4","Belgium","Unknown",NA,"85a0c85aa37d722d218815ffa1a4df4d00d0e461ff6eeea904446de2a77d3775","NPS","BAL","efec9aaf21433bf806e7681de337cac7dbecfbf17b22ad3bcdfe5e46e564f32f",2020-10-30 16:24:09,2020-10-01,2020-10-25,"BRSV",0
"489","4","Belgium","Unknown",NA,"85a0c85aa37d722d218815ffa1a4df4d00d0e461ff6eeea904446de2a77d3775","NPS","BAL","efec9aaf21433bf806e7681de337cac7dbecfbf17b22ad3bcdfe5e46e564f32f",2020-10-30 16:24:09,2020-10-01,2020-10-25,"PI3",0
"490","4","Belgium","Unknown",NA,"85a0c85aa37d722d218815ffa1a4df4d00d0e461ff6eeea904446de2a77d3775","NPS","BAL","efec9aaf21433bf806e7681de337cac7dbecfbf17b22ad3bcdfe5e46e564f32f",2020-10-30 16:24:09,2020-10-01,2020-10-25,"BCV",0
"491","4","Belgium","Unknown",NA,"8af1f2584822ac9fb9d1c47c459fc6e817c2083c0caac9a72679a6a9b9f181f0","NPS","BAL","f8feb05f30d18136c1835f8306f1819dc2605c50c98403af6cee1807e63671bf",2021-09-14 10:39:46,2021-09-01,2021-09-12,"PM",0
"492","4","Belgium","Unknown",NA,"8af1f2584822ac9fb9d1c47c459fc6e817c2083c0caac9a72679a6a9b9f181f0","NPS","BAL","f8feb05f30d18136c1835f8306f1819dc2605c50c98403af6cee1807e63671bf",2021-09-14 10:39:46,2021-09-01,2021-09-12,"MH",0
"493","4","Belgium","Unknown",NA,"8af1f2584822ac9fb9d1c47c459fc6e817c2083c0caac9a72679a6a9b9f181f0","NPS","BAL","f8feb05f30d18136c1835f8306f1819dc2605c50c98403af6cee1807e63671bf",2021-09-14 10:39:46,2021-09-01,2021-09-12,"HS",0
"494","4","Belgium","Unknown",NA,"8af1f2584822ac9fb9d1c47c459fc6e817c2083c0caac9a72679a6a9b9f181f0","NPS","BAL","f8feb05f30d18136c1835f8306f1819dc2605c50c98403af6cee1807e63671bf",2021-09-14 10:39:46,2021-09-01,2021-09-12,"MB",0
"495","4","Belgium","Unknown",NA,"8af1f2584822ac9fb9d1c47c459fc6e817c2083c0caac9a72679a6a9b9f181f0","NPS","BAL","f8feb05f30d18136c1835f8306f1819dc2605c50c98403af6cee1807e63671bf",2021-09-14 10:39:46,2021-09-01,2021-09-12,"BRSV",0
"496","4","Belgium","Unknown",NA,"8af1f2584822ac9fb9d1c47c459fc6e817c2083c0caac9a72679a6a9b9f181f0","NPS","BAL","f8feb05f30d18136c1835f8306f1819dc2605c50c98403af6cee1807e63671bf",2021-09-14 10:39:46,2021-09-01,2021-09-12,"PI3",0
"497","4","Belgium","Unknown",NA,"8af1f2584822ac9fb9d1c47c459fc6e817c2083c0caac9a72679a6a9b9f181f0","NPS","BAL","f8feb05f30d18136c1835f8306f1819dc2605c50c98403af6cee1807e63671bf",2021-09-14 10:39:46,2021-09-01,2021-09-12,"BCV",0
"498","4","Belgium","Unknown",NA,"8f49713685cc177709f53d984f08e830c9dfb02967e98edae0461483a9d46934","NPS","BAL","21d051d47cafbd2ef53ae81041fcac297e8cc5da5847e1dde935220407c326fe",2022-01-20 13:28:02,2022-01-01,2022-01-16,"PM",0
"499","4","Belgium","Unknown",NA,"8f49713685cc177709f53d984f08e830c9dfb02967e98edae0461483a9d46934","NPS","BAL","21d051d47cafbd2ef53ae81041fcac297e8cc5da5847e1dde935220407c326fe",2022-01-20 13:28:02,2022-01-01,2022-01-16,"MH",0
"500","4","Belgium","Unknown",NA,"8f49713685cc177709f53d984f08e830c9dfb02967e98edae0461483a9d46934","NPS","BAL","21d051d47cafbd2ef53ae81041fcac297e8cc5da5847e1dde935220407c326fe",2022-01-20 13:28:02,2022-01-01,2022-01-16,"HS",0
"501","4","Belgium","Unknown",NA,"8f49713685cc177709f53d984f08e830c9dfb02967e98edae0461483a9d46934","NPS","BAL","21d051d47cafbd2ef53ae81041fcac297e8cc5da5847e1dde935220407c326fe",2022-01-20 13:28:02,2022-01-01,2022-01-16,"MB",0
"502","4","Belgium","Unknown",NA,"8f49713685cc177709f53d984f08e830c9dfb02967e98edae0461483a9d46934","NPS","BAL","21d051d47cafbd2ef53ae81041fcac297e8cc5da5847e1dde935220407c326fe",2022-01-20 13:28:02,2022-01-01,2022-01-16,"BRSV",0
"503","4","Belgium","Unknown",NA,"8f49713685cc177709f53d984f08e830c9dfb02967e98edae0461483a9d46934","NPS","BAL","21d051d47cafbd2ef53ae81041fcac297e8cc5da5847e1dde935220407c326fe",2022-01-20 13:28:02,2022-01-01,2022-01-16,"PI3",0
"504","4","Belgium","Unknown",NA,"8f49713685cc177709f53d984f08e830c9dfb02967e98edae0461483a9d46934","NPS","BAL","21d051d47cafbd2ef53ae81041fcac297e8cc5da5847e1dde935220407c326fe",2022-01-20 13:28:02,2022-01-01,2022-01-16,"BCV",1
"505","4","Belgium","Unknown",NA,"8f49713685cc177709f53d984f08e830c9dfb02967e98edae0461483a9d46934","NPS","BAL","638353fafb8d4108c26ce24eac34680acaddf1b6acd7c78f0e4d5250b9ddd6a5",2022-01-20 13:28:02,2022-01-01,2022-01-16,"PM",0
"506","4","Belgium","Unknown",NA,"8f49713685cc177709f53d984f08e830c9dfb02967e98edae0461483a9d46934","NPS","BAL","638353fafb8d4108c26ce24eac34680acaddf1b6acd7c78f0e4d5250b9ddd6a5",2022-01-20 13:28:02,2022-01-01,2022-01-16,"MH",0
"507","4","Belgium","Unknown",NA,"8f49713685cc177709f53d984f08e830c9dfb02967e98edae0461483a9d46934","NPS","BAL","638353fafb8d4108c26ce24eac34680acaddf1b6acd7c78f0e4d5250b9ddd6a5",2022-01-20 13:28:02,2022-01-01,2022-01-16,"HS",0
"508","4","Belgium","Unknown",NA,"8f49713685cc177709f53d984f08e830c9dfb02967e98edae0461483a9d46934","NPS","BAL","638353fafb8d4108c26ce24eac34680acaddf1b6acd7c78f0e4d5250b9ddd6a5",2022-01-20 13:28:02,2022-01-01,2022-01-16,"MB",0
"509","4","Belgium","Unknown",NA,"8f49713685cc177709f53d984f08e830c9dfb02967e98edae0461483a9d46934","NPS","BAL","638353fafb8d4108c26ce24eac34680acaddf1b6acd7c78f0e4d5250b9ddd6a5",2022-01-20 13:28:02,2022-01-01,2022-01-16,"BRSV",0
"510","4","Belgium","Unknown",NA,"8f49713685cc177709f53d984f08e830c9dfb02967e98edae0461483a9d46934","NPS","BAL","638353fafb8d4108c26ce24eac34680acaddf1b6acd7c78f0e4d5250b9ddd6a5",2022-01-20 13:28:02,2022-01-01,2022-01-16,"PI3",0
"511","4","Belgium","Unknown",NA,"8f49713685cc177709f53d984f08e830c9dfb02967e98edae0461483a9d46934","NPS","BAL","638353fafb8d4108c26ce24eac34680acaddf1b6acd7c78f0e4d5250b9ddd6a5",2022-01-20 13:28:02,2022-01-01,2022-01-16,"BCV",1
"512","4","Belgium","Unknown",NA,"8f49713685cc177709f53d984f08e830c9dfb02967e98edae0461483a9d46934","NPS","BAL","7f2378eb961c1bf3305ed246e6000aca6e098a7281462f9b70145c571a3ffd18",2022-01-20 13:28:02,2022-01-01,2022-01-16,"PM",0
"513","4","Belgium","Unknown",NA,"8f49713685cc177709f53d984f08e830c9dfb02967e98edae0461483a9d46934","NPS","BAL","7f2378eb961c1bf3305ed246e6000aca6e098a7281462f9b70145c571a3ffd18",2022-01-20 13:28:02,2022-01-01,2022-01-16,"MH",0
"514","4","Belgium","Unknown",NA,"8f49713685cc177709f53d984f08e830c9dfb02967e98edae0461483a9d46934","NPS","BAL","7f2378eb961c1bf3305ed246e6000aca6e098a7281462f9b70145c571a3ffd18",2022-01-20 13:28:02,2022-01-01,2022-01-16,"HS",0
"515","4","Belgium","Unknown",NA,"8f49713685cc177709f53d984f08e830c9dfb02967e98edae0461483a9d46934","NPS","BAL","7f2378eb961c1bf3305ed246e6000aca6e098a7281462f9b70145c571a3ffd18",2022-01-20 13:28:02,2022-01-01,2022-01-16,"MB",0
"516","4","Belgium","Unknown",NA,"8f49713685cc177709f53d984f08e830c9dfb02967e98edae0461483a9d46934","NPS","BAL","7f2378eb961c1bf3305ed246e6000aca6e098a7281462f9b70145c571a3ffd18",2022-01-20 13:28:02,2022-01-01,2022-01-16,"BRSV",0
"517","4","Belgium","Unknown",NA,"8f49713685cc177709f53d984f08e830c9dfb02967e98edae0461483a9d46934","NPS","BAL","7f2378eb961c1bf3305ed246e6000aca6e098a7281462f9b70145c571a3ffd18",2022-01-20 13:28:02,2022-01-01,2022-01-16,"PI3",0
"518","4","Belgium","Unknown",NA,"8f49713685cc177709f53d984f08e830c9dfb02967e98edae0461483a9d46934","NPS","BAL","7f2378eb961c1bf3305ed246e6000aca6e098a7281462f9b70145c571a3ffd18",2022-01-20 13:28:02,2022-01-01,2022-01-16,"BCV",1
"519","4","Belgium","Unknown",NA,"8f49713685cc177709f53d984f08e830c9dfb02967e98edae0461483a9d46934","NPS","BAL","ce1f9e5f2424acebc3d2307a4d106857ebb276112518e7820bd65641fb556e53",2022-01-20 13:28:02,2022-01-01,2022-01-16,"PM",0
"520","4","Belgium","Unknown",NA,"8f49713685cc177709f53d984f08e830c9dfb02967e98edae0461483a9d46934","NPS","BAL","ce1f9e5f2424acebc3d2307a4d106857ebb276112518e7820bd65641fb556e53",2022-01-20 13:28:02,2022-01-01,2022-01-16,"MH",0
"521","4","Belgium","Unknown",NA,"8f49713685cc177709f53d984f08e830c9dfb02967e98edae0461483a9d46934","NPS","BAL","ce1f9e5f2424acebc3d2307a4d106857ebb276112518e7820bd65641fb556e53",2022-01-20 13:28:02,2022-01-01,2022-01-16,"HS",0
"522","4","Belgium","Unknown",NA,"8f49713685cc177709f53d984f08e830c9dfb02967e98edae0461483a9d46934","NPS","BAL","ce1f9e5f2424acebc3d2307a4d106857ebb276112518e7820bd65641fb556e53",2022-01-20 13:28:02,2022-01-01,2022-01-16,"MB",0
"523","4","Belgium","Unknown",NA,"8f49713685cc177709f53d984f08e830c9dfb02967e98edae0461483a9d46934","NPS","BAL","ce1f9e5f2424acebc3d2307a4d106857ebb276112518e7820bd65641fb556e53",2022-01-20 13:28:02,2022-01-01,2022-01-16,"BRSV",0
"524","4","Belgium","Unknown",NA,"8f49713685cc177709f53d984f08e830c9dfb02967e98edae0461483a9d46934","NPS","BAL","ce1f9e5f2424acebc3d2307a4d106857ebb276112518e7820bd65641fb556e53",2022-01-20 13:28:02,2022-01-01,2022-01-16,"PI3",0
"525","4","Belgium","Unknown",NA,"8f49713685cc177709f53d984f08e830c9dfb02967e98edae0461483a9d46934","NPS","BAL","ce1f9e5f2424acebc3d2307a4d106857ebb276112518e7820bd65641fb556e53",2022-01-20 13:28:02,2022-01-01,2022-01-16,"BCV",1
"526","4","Belgium","Unknown",NA,"8f49713685cc177709f53d984f08e830c9dfb02967e98edae0461483a9d46934","NPS","BAL","eb0083cb3140a6562716179bf3137b53e4995fd8a8598228a105aa2e4570779d",2022-01-20 13:28:02,2022-01-01,2022-01-16,"PM",0
"527","4","Belgium","Unknown",NA,"8f49713685cc177709f53d984f08e830c9dfb02967e98edae0461483a9d46934","NPS","BAL","eb0083cb3140a6562716179bf3137b53e4995fd8a8598228a105aa2e4570779d",2022-01-20 13:28:02,2022-01-01,2022-01-16,"MH",0
"528","4","Belgium","Unknown",NA,"8f49713685cc177709f53d984f08e830c9dfb02967e98edae0461483a9d46934","NPS","BAL","eb0083cb3140a6562716179bf3137b53e4995fd8a8598228a105aa2e4570779d",2022-01-20 13:28:02,2022-01-01,2022-01-16,"HS",0
"529","4","Belgium","Unknown",NA,"8f49713685cc177709f53d984f08e830c9dfb02967e98edae0461483a9d46934","NPS","BAL","eb0083cb3140a6562716179bf3137b53e4995fd8a8598228a105aa2e4570779d",2022-01-20 13:28:02,2022-01-01,2022-01-16,"MB",0
"530","4","Belgium","Unknown",NA,"8f49713685cc177709f53d984f08e830c9dfb02967e98edae0461483a9d46934","NPS","BAL","eb0083cb3140a6562716179bf3137b53e4995fd8a8598228a105aa2e4570779d",2022-01-20 13:28:02,2022-01-01,2022-01-16,"BRSV",0
"531","4","Belgium","Unknown",NA,"8f49713685cc177709f53d984f08e830c9dfb02967e98edae0461483a9d46934","NPS","BAL","eb0083cb3140a6562716179bf3137b53e4995fd8a8598228a105aa2e4570779d",2022-01-20 13:28:02,2022-01-01,2022-01-16,"PI3",0
"532","4","Belgium","Unknown",NA,"8f49713685cc177709f53d984f08e830c9dfb02967e98edae0461483a9d46934","NPS","BAL","eb0083cb3140a6562716179bf3137b53e4995fd8a8598228a105aa2e4570779d",2022-01-20 13:28:02,2022-01-01,2022-01-16,"BCV",0
"533","4","Belgium","Unknown",NA,"8ffe8459134b46975acd31df13a50c51dbeacf1c19a764bf1602ba7c73ffc8fb","NPS","BAL","462b01670e50875a9df97c18e87cd367dbe7fbd6f32783be20883747e37d5af6",2020-11-23 12:38:05,2020-11-01,2020-11-22,"PM",0
"534","4","Belgium","Unknown",NA,"8ffe8459134b46975acd31df13a50c51dbeacf1c19a764bf1602ba7c73ffc8fb","NPS","BAL","462b01670e50875a9df97c18e87cd367dbe7fbd6f32783be20883747e37d5af6",2020-11-23 12:38:05,2020-11-01,2020-11-22,"MH",0
"535","4","Belgium","Unknown",NA,"8ffe8459134b46975acd31df13a50c51dbeacf1c19a764bf1602ba7c73ffc8fb","NPS","BAL","462b01670e50875a9df97c18e87cd367dbe7fbd6f32783be20883747e37d5af6",2020-11-23 12:38:05,2020-11-01,2020-11-22,"HS",0
"536","4","Belgium","Unknown",NA,"8ffe8459134b46975acd31df13a50c51dbeacf1c19a764bf1602ba7c73ffc8fb","NPS","BAL","462b01670e50875a9df97c18e87cd367dbe7fbd6f32783be20883747e37d5af6",2020-11-23 12:38:05,2020-11-01,2020-11-22,"MB",0
"537","4","Belgium","Unknown",NA,"8ffe8459134b46975acd31df13a50c51dbeacf1c19a764bf1602ba7c73ffc8fb","NPS","BAL","462b01670e50875a9df97c18e87cd367dbe7fbd6f32783be20883747e37d5af6",2020-11-23 12:38:05,2020-11-01,2020-11-22,"BRSV",0
"538","4","Belgium","Unknown",NA,"8ffe8459134b46975acd31df13a50c51dbeacf1c19a764bf1602ba7c73ffc8fb","NPS","BAL","462b01670e50875a9df97c18e87cd367dbe7fbd6f32783be20883747e37d5af6",2020-11-23 12:38:05,2020-11-01,2020-11-22,"PI3",0
"539","4","Belgium","Unknown",NA,"8ffe8459134b46975acd31df13a50c51dbeacf1c19a764bf1602ba7c73ffc8fb","NPS","BAL","462b01670e50875a9df97c18e87cd367dbe7fbd6f32783be20883747e37d5af6",2020-11-23 12:38:05,2020-11-01,2020-11-22,"BCV",0
"540","4","Belgium","Unknown",NA,"8ffe8459134b46975acd31df13a50c51dbeacf1c19a764bf1602ba7c73ffc8fb","NPS","BAL","9e0bc0a9aa374eab9ae10383ab67c9fadb1e2aa69a1d54555a7dff0670678bda",2020-11-23 12:38:05,2020-11-01,2020-11-22,"PM",1
"541","4","Belgium","Unknown",NA,"8ffe8459134b46975acd31df13a50c51dbeacf1c19a764bf1602ba7c73ffc8fb","NPS","BAL","9e0bc0a9aa374eab9ae10383ab67c9fadb1e2aa69a1d54555a7dff0670678bda",2020-11-23 12:38:05,2020-11-01,2020-11-22,"MH",0
"542","4","Belgium","Unknown",NA,"8ffe8459134b46975acd31df13a50c51dbeacf1c19a764bf1602ba7c73ffc8fb","NPS","BAL","9e0bc0a9aa374eab9ae10383ab67c9fadb1e2aa69a1d54555a7dff0670678bda",2020-11-23 12:38:05,2020-11-01,2020-11-22,"HS",0
"543","4","Belgium","Unknown",NA,"8ffe8459134b46975acd31df13a50c51dbeacf1c19a764bf1602ba7c73ffc8fb","NPS","BAL","9e0bc0a9aa374eab9ae10383ab67c9fadb1e2aa69a1d54555a7dff0670678bda",2020-11-23 12:38:05,2020-11-01,2020-11-22,"MB",0
"544","4","Belgium","Unknown",NA,"8ffe8459134b46975acd31df13a50c51dbeacf1c19a764bf1602ba7c73ffc8fb","NPS","BAL","9e0bc0a9aa374eab9ae10383ab67c9fadb1e2aa69a1d54555a7dff0670678bda",2020-11-23 12:38:05,2020-11-01,2020-11-22,"BRSV",0
"545","4","Belgium","Unknown",NA,"8ffe8459134b46975acd31df13a50c51dbeacf1c19a764bf1602ba7c73ffc8fb","NPS","BAL","9e0bc0a9aa374eab9ae10383ab67c9fadb1e2aa69a1d54555a7dff0670678bda",2020-11-23 12:38:05,2020-11-01,2020-11-22,"PI3",0
"546","4","Belgium","Unknown",NA,"8ffe8459134b46975acd31df13a50c51dbeacf1c19a764bf1602ba7c73ffc8fb","NPS","BAL","9e0bc0a9aa374eab9ae10383ab67c9fadb1e2aa69a1d54555a7dff0670678bda",2020-11-23 12:38:05,2020-11-01,2020-11-22,"BCV",0
"547","4","Belgium","Unknown",NA,"918212efda300e0193688c367fc71fd059e23d50503e48096725046335cbd883","NPS","BAL","6352ef618f56393aece8bf6a26dea2de95176ad9ce5d43e6f275b2dd57e4630b",2022-02-09 15:53:51,2022-02-01,2022-02-06,"PM",0
"548","4","Belgium","Unknown",NA,"918212efda300e0193688c367fc71fd059e23d50503e48096725046335cbd883","NPS","BAL","6352ef618f56393aece8bf6a26dea2de95176ad9ce5d43e6f275b2dd57e4630b",2022-02-09 15:53:51,2022-02-01,2022-02-06,"MH",0
"549","4","Belgium","Unknown",NA,"918212efda300e0193688c367fc71fd059e23d50503e48096725046335cbd883","NPS","BAL","6352ef618f56393aece8bf6a26dea2de95176ad9ce5d43e6f275b2dd57e4630b",2022-02-09 15:53:51,2022-02-01,2022-02-06,"HS",0
"550","4","Belgium","Unknown",NA,"918212efda300e0193688c367fc71fd059e23d50503e48096725046335cbd883","NPS","BAL","6352ef618f56393aece8bf6a26dea2de95176ad9ce5d43e6f275b2dd57e4630b",2022-02-09 15:53:51,2022-02-01,2022-02-06,"MB",0
"551","4","Belgium","Unknown",NA,"918212efda300e0193688c367fc71fd059e23d50503e48096725046335cbd883","NPS","BAL","6352ef618f56393aece8bf6a26dea2de95176ad9ce5d43e6f275b2dd57e4630b",2022-02-09 15:53:51,2022-02-01,2022-02-06,"BRSV",1
"552","4","Belgium","Unknown",NA,"918212efda300e0193688c367fc71fd059e23d50503e48096725046335cbd883","NPS","BAL","6352ef618f56393aece8bf6a26dea2de95176ad9ce5d43e6f275b2dd57e4630b",2022-02-09 15:53:51,2022-02-01,2022-02-06,"PI3",0
"553","4","Belgium","Unknown",NA,"918212efda300e0193688c367fc71fd059e23d50503e48096725046335cbd883","NPS","BAL","6352ef618f56393aece8bf6a26dea2de95176ad9ce5d43e6f275b2dd57e4630b",2022-02-09 15:53:51,2022-02-01,2022-02-06,"BCV",0
"554","4","Belgium","Unknown",NA,"918ef45edb9f5d08f601b60a8905e54150644a5664aa071e615db55e3cd15e31","NPS","BAL","137ff590f6f44fab155a3245d39edb5c1423006e94f9378152576c9a9da1b04b",2022-03-11 15:56:53,2022-03-01,2022-03-06,"PM",0
"555","4","Belgium","Unknown",NA,"918ef45edb9f5d08f601b60a8905e54150644a5664aa071e615db55e3cd15e31","NPS","BAL","137ff590f6f44fab155a3245d39edb5c1423006e94f9378152576c9a9da1b04b",2022-03-11 15:56:53,2022-03-01,2022-03-06,"MH",0
"556","4","Belgium","Unknown",NA,"918ef45edb9f5d08f601b60a8905e54150644a5664aa071e615db55e3cd15e31","NPS","BAL","137ff590f6f44fab155a3245d39edb5c1423006e94f9378152576c9a9da1b04b",2022-03-11 15:56:53,2022-03-01,2022-03-06,"HS",0
"557","4","Belgium","Unknown",NA,"918ef45edb9f5d08f601b60a8905e54150644a5664aa071e615db55e3cd15e31","NPS","BAL","137ff590f6f44fab155a3245d39edb5c1423006e94f9378152576c9a9da1b04b",2022-03-11 15:56:53,2022-03-01,2022-03-06,"MB",1
"558","4","Belgium","Unknown",NA,"918ef45edb9f5d08f601b60a8905e54150644a5664aa071e615db55e3cd15e31","NPS","BAL","137ff590f6f44fab155a3245d39edb5c1423006e94f9378152576c9a9da1b04b",2022-03-11 15:56:53,2022-03-01,2022-03-06,"BRSV",0
"559","4","Belgium","Unknown",NA,"918ef45edb9f5d08f601b60a8905e54150644a5664aa071e615db55e3cd15e31","NPS","BAL","137ff590f6f44fab155a3245d39edb5c1423006e94f9378152576c9a9da1b04b",2022-03-11 15:56:53,2022-03-01,2022-03-06,"PI3",0
"560","4","Belgium","Unknown",NA,"918ef45edb9f5d08f601b60a8905e54150644a5664aa071e615db55e3cd15e31","NPS","BAL","137ff590f6f44fab155a3245d39edb5c1423006e94f9378152576c9a9da1b04b",2022-03-11 15:56:53,2022-03-01,2022-03-06,"BCV",1
"561","4","Belgium","Unknown",NA,"918ef45edb9f5d08f601b60a8905e54150644a5664aa071e615db55e3cd15e31","NPS","BAL","1772ef0fd0325c14cbe9e0479839f1a50c5c3f511e26387f07de7c85fc12e488",2022-03-11 15:56:53,2022-03-01,2022-03-06,"PM",0
"562","4","Belgium","Unknown",NA,"918ef45edb9f5d08f601b60a8905e54150644a5664aa071e615db55e3cd15e31","NPS","BAL","1772ef0fd0325c14cbe9e0479839f1a50c5c3f511e26387f07de7c85fc12e488",2022-03-11 15:56:53,2022-03-01,2022-03-06,"MH",0
"563","4","Belgium","Unknown",NA,"918ef45edb9f5d08f601b60a8905e54150644a5664aa071e615db55e3cd15e31","NPS","BAL","1772ef0fd0325c14cbe9e0479839f1a50c5c3f511e26387f07de7c85fc12e488",2022-03-11 15:56:53,2022-03-01,2022-03-06,"HS",0
"564","4","Belgium","Unknown",NA,"918ef45edb9f5d08f601b60a8905e54150644a5664aa071e615db55e3cd15e31","NPS","BAL","1772ef0fd0325c14cbe9e0479839f1a50c5c3f511e26387f07de7c85fc12e488",2022-03-11 15:56:53,2022-03-01,2022-03-06,"MB",1
"565","4","Belgium","Unknown",NA,"918ef45edb9f5d08f601b60a8905e54150644a5664aa071e615db55e3cd15e31","NPS","BAL","1772ef0fd0325c14cbe9e0479839f1a50c5c3f511e26387f07de7c85fc12e488",2022-03-11 15:56:53,2022-03-01,2022-03-06,"BRSV",0
"566","4","Belgium","Unknown",NA,"918ef45edb9f5d08f601b60a8905e54150644a5664aa071e615db55e3cd15e31","NPS","BAL","1772ef0fd0325c14cbe9e0479839f1a50c5c3f511e26387f07de7c85fc12e488",2022-03-11 15:56:53,2022-03-01,2022-03-06,"PI3",0
"567","4","Belgium","Unknown",NA,"918ef45edb9f5d08f601b60a8905e54150644a5664aa071e615db55e3cd15e31","NPS","BAL","1772ef0fd0325c14cbe9e0479839f1a50c5c3f511e26387f07de7c85fc12e488",2022-03-11 15:56:53,2022-03-01,2022-03-06,"BCV",1
"568","4","Belgium","Unknown",NA,"918ef45edb9f5d08f601b60a8905e54150644a5664aa071e615db55e3cd15e31","NPS","BAL","6630264f7c6e308457366b2ae3b19394fc1243be57a6997c67e5d9cb41f345a6",2022-03-11 15:56:53,2022-03-01,2022-03-06,"PM",1
"569","4","Belgium","Unknown",NA,"918ef45edb9f5d08f601b60a8905e54150644a5664aa071e615db55e3cd15e31","NPS","BAL","6630264f7c6e308457366b2ae3b19394fc1243be57a6997c67e5d9cb41f345a6",2022-03-11 15:56:53,2022-03-01,2022-03-06,"MH",0
"570","4","Belgium","Unknown",NA,"918ef45edb9f5d08f601b60a8905e54150644a5664aa071e615db55e3cd15e31","NPS","BAL","6630264f7c6e308457366b2ae3b19394fc1243be57a6997c67e5d9cb41f345a6",2022-03-11 15:56:53,2022-03-01,2022-03-06,"HS",0
"571","4","Belgium","Unknown",NA,"918ef45edb9f5d08f601b60a8905e54150644a5664aa071e615db55e3cd15e31","NPS","BAL","6630264f7c6e308457366b2ae3b19394fc1243be57a6997c67e5d9cb41f345a6",2022-03-11 15:56:53,2022-03-01,2022-03-06,"MB",1
"572","4","Belgium","Unknown",NA,"918ef45edb9f5d08f601b60a8905e54150644a5664aa071e615db55e3cd15e31","NPS","BAL","6630264f7c6e308457366b2ae3b19394fc1243be57a6997c67e5d9cb41f345a6",2022-03-11 15:56:53,2022-03-01,2022-03-06,"BRSV",0
"573","4","Belgium","Unknown",NA,"918ef45edb9f5d08f601b60a8905e54150644a5664aa071e615db55e3cd15e31","NPS","BAL","6630264f7c6e308457366b2ae3b19394fc1243be57a6997c67e5d9cb41f345a6",2022-03-11 15:56:53,2022-03-01,2022-03-06,"PI3",0
"574","4","Belgium","Unknown",NA,"918ef45edb9f5d08f601b60a8905e54150644a5664aa071e615db55e3cd15e31","NPS","BAL","6630264f7c6e308457366b2ae3b19394fc1243be57a6997c67e5d9cb41f345a6",2022-03-11 15:56:53,2022-03-01,2022-03-06,"BCV",1
"575","4","Belgium","Unknown",NA,"918ef45edb9f5d08f601b60a8905e54150644a5664aa071e615db55e3cd15e31","NPS","BAL","f2bfa7ad3f3cfb230c4c8f7481542a7f6235fb7b9b0c42c85a53f92ed74c6231",2022-03-11 15:56:53,2022-03-01,2022-03-06,"PM",1
"576","4","Belgium","Unknown",NA,"918ef45edb9f5d08f601b60a8905e54150644a5664aa071e615db55e3cd15e31","NPS","BAL","f2bfa7ad3f3cfb230c4c8f7481542a7f6235fb7b9b0c42c85a53f92ed74c6231",2022-03-11 15:56:53,2022-03-01,2022-03-06,"MH",0
"577","4","Belgium","Unknown",NA,"918ef45edb9f5d08f601b60a8905e54150644a5664aa071e615db55e3cd15e31","NPS","BAL","f2bfa7ad3f3cfb230c4c8f7481542a7f6235fb7b9b0c42c85a53f92ed74c6231",2022-03-11 15:56:53,2022-03-01,2022-03-06,"HS",0
"578","4","Belgium","Unknown",NA,"918ef45edb9f5d08f601b60a8905e54150644a5664aa071e615db55e3cd15e31","NPS","BAL","f2bfa7ad3f3cfb230c4c8f7481542a7f6235fb7b9b0c42c85a53f92ed74c6231",2022-03-11 15:56:53,2022-03-01,2022-03-06,"MB",1
"579","4","Belgium","Unknown",NA,"918ef45edb9f5d08f601b60a8905e54150644a5664aa071e615db55e3cd15e31","NPS","BAL","f2bfa7ad3f3cfb230c4c8f7481542a7f6235fb7b9b0c42c85a53f92ed74c6231",2022-03-11 15:56:53,2022-03-01,2022-03-06,"BRSV",0
"580","4","Belgium","Unknown",NA,"918ef45edb9f5d08f601b60a8905e54150644a5664aa071e615db55e3cd15e31","NPS","BAL","f2bfa7ad3f3cfb230c4c8f7481542a7f6235fb7b9b0c42c85a53f92ed74c6231",2022-03-11 15:56:53,2022-03-01,2022-03-06,"PI3",0
"581","4","Belgium","Unknown",NA,"918ef45edb9f5d08f601b60a8905e54150644a5664aa071e615db55e3cd15e31","NPS","BAL","f2bfa7ad3f3cfb230c4c8f7481542a7f6235fb7b9b0c42c85a53f92ed74c6231",2022-03-11 15:56:53,2022-03-01,2022-03-06,"BCV",1
"582","4","Belgium","Unknown",NA,"918ef45edb9f5d08f601b60a8905e54150644a5664aa071e615db55e3cd15e31","NPS","BAL","f74f3ce27d3b8b56f09264c1b18ce38101b4502be913002bfc531950a6ea88bd",2022-03-11 15:56:53,2022-03-01,2022-03-06,"PM",0
"583","4","Belgium","Unknown",NA,"918ef45edb9f5d08f601b60a8905e54150644a5664aa071e615db55e3cd15e31","NPS","BAL","f74f3ce27d3b8b56f09264c1b18ce38101b4502be913002bfc531950a6ea88bd",2022-03-11 15:56:53,2022-03-01,2022-03-06,"MH",0
"584","4","Belgium","Unknown",NA,"918ef45edb9f5d08f601b60a8905e54150644a5664aa071e615db55e3cd15e31","NPS","BAL","f74f3ce27d3b8b56f09264c1b18ce38101b4502be913002bfc531950a6ea88bd",2022-03-11 15:56:53,2022-03-01,2022-03-06,"HS",0
"585","4","Belgium","Unknown",NA,"918ef45edb9f5d08f601b60a8905e54150644a5664aa071e615db55e3cd15e31","NPS","BAL","f74f3ce27d3b8b56f09264c1b18ce38101b4502be913002bfc531950a6ea88bd",2022-03-11 15:56:53,2022-03-01,2022-03-06,"MB",1
"586","4","Belgium","Unknown",NA,"918ef45edb9f5d08f601b60a8905e54150644a5664aa071e615db55e3cd15e31","NPS","BAL","f74f3ce27d3b8b56f09264c1b18ce38101b4502be913002bfc531950a6ea88bd",2022-03-11 15:56:53,2022-03-01,2022-03-06,"BRSV",0
"587","4","Belgium","Unknown",NA,"918ef45edb9f5d08f601b60a8905e54150644a5664aa071e615db55e3cd15e31","NPS","BAL","f74f3ce27d3b8b56f09264c1b18ce38101b4502be913002bfc531950a6ea88bd",2022-03-11 15:56:53,2022-03-01,2022-03-06,"PI3",0
"588","4","Belgium","Unknown",NA,"918ef45edb9f5d08f601b60a8905e54150644a5664aa071e615db55e3cd15e31","NPS","BAL","f74f3ce27d3b8b56f09264c1b18ce38101b4502be913002bfc531950a6ea88bd",2022-03-11 15:56:53,2022-03-01,2022-03-06,"BCV",1
"589","4","Belgium","Unknown",NA,"9317824a5a58e32b3eaf2f44ebf0ebff06bc85a0aaa10f08c856cce347bc8ae2","NPS","BAL","519b10be54472758c2c361bde6d051f74a943b5ae2cf304a1019b507ce64d348",2022-01-14 15:10:21,2022-01-01,2022-01-09,"PM",0
"590","4","Belgium","Unknown",NA,"9317824a5a58e32b3eaf2f44ebf0ebff06bc85a0aaa10f08c856cce347bc8ae2","NPS","BAL","519b10be54472758c2c361bde6d051f74a943b5ae2cf304a1019b507ce64d348",2022-01-14 15:10:21,2022-01-01,2022-01-09,"MH",0
"591","4","Belgium","Unknown",NA,"9317824a5a58e32b3eaf2f44ebf0ebff06bc85a0aaa10f08c856cce347bc8ae2","NPS","BAL","519b10be54472758c2c361bde6d051f74a943b5ae2cf304a1019b507ce64d348",2022-01-14 15:10:21,2022-01-01,2022-01-09,"HS",0
"592","4","Belgium","Unknown",NA,"9317824a5a58e32b3eaf2f44ebf0ebff06bc85a0aaa10f08c856cce347bc8ae2","NPS","BAL","519b10be54472758c2c361bde6d051f74a943b5ae2cf304a1019b507ce64d348",2022-01-14 15:10:21,2022-01-01,2022-01-09,"MB",1
"593","4","Belgium","Unknown",NA,"9317824a5a58e32b3eaf2f44ebf0ebff06bc85a0aaa10f08c856cce347bc8ae2","NPS","BAL","519b10be54472758c2c361bde6d051f74a943b5ae2cf304a1019b507ce64d348",2022-01-14 15:10:21,2022-01-01,2022-01-09,"BRSV",0
"594","4","Belgium","Unknown",NA,"9317824a5a58e32b3eaf2f44ebf0ebff06bc85a0aaa10f08c856cce347bc8ae2","NPS","BAL","519b10be54472758c2c361bde6d051f74a943b5ae2cf304a1019b507ce64d348",2022-01-14 15:10:21,2022-01-01,2022-01-09,"PI3",1
"595","4","Belgium","Unknown",NA,"9317824a5a58e32b3eaf2f44ebf0ebff06bc85a0aaa10f08c856cce347bc8ae2","NPS","BAL","519b10be54472758c2c361bde6d051f74a943b5ae2cf304a1019b507ce64d348",2022-01-14 15:10:21,2022-01-01,2022-01-09,"BCV",1
"596","4","Belgium","Unknown",NA,"9428fb36117251d5231a2fa6120aba5dc189a77a90304fe9349f8533c10224f1","NPS","BAL","f5d2825fffa0e81e50c6fd2a97e18390de0db49de0b9f14f95e7458c69ec8b4e",2022-02-18 15:16:12,2022-02-01,2022-02-13,"PM",0
"597","4","Belgium","Unknown",NA,"9428fb36117251d5231a2fa6120aba5dc189a77a90304fe9349f8533c10224f1","NPS","BAL","f5d2825fffa0e81e50c6fd2a97e18390de0db49de0b9f14f95e7458c69ec8b4e",2022-02-18 15:16:12,2022-02-01,2022-02-13,"MH",0
"598","4","Belgium","Unknown",NA,"9428fb36117251d5231a2fa6120aba5dc189a77a90304fe9349f8533c10224f1","NPS","BAL","f5d2825fffa0e81e50c6fd2a97e18390de0db49de0b9f14f95e7458c69ec8b4e",2022-02-18 15:16:12,2022-02-01,2022-02-13,"HS",0
"599","4","Belgium","Unknown",NA,"9428fb36117251d5231a2fa6120aba5dc189a77a90304fe9349f8533c10224f1","NPS","BAL","f5d2825fffa0e81e50c6fd2a97e18390de0db49de0b9f14f95e7458c69ec8b4e",2022-02-18 15:16:12,2022-02-01,2022-02-13,"MB",1
"600","4","Belgium","Unknown",NA,"9428fb36117251d5231a2fa6120aba5dc189a77a90304fe9349f8533c10224f1","NPS","BAL","f5d2825fffa0e81e50c6fd2a97e18390de0db49de0b9f14f95e7458c69ec8b4e",2022-02-18 15:16:12,2022-02-01,2022-02-13,"BRSV",0
"601","4","Belgium","Unknown",NA,"9428fb36117251d5231a2fa6120aba5dc189a77a90304fe9349f8533c10224f1","NPS","BAL","f5d2825fffa0e81e50c6fd2a97e18390de0db49de0b9f14f95e7458c69ec8b4e",2022-02-18 15:16:12,2022-02-01,2022-02-13,"PI3",0
"602","4","Belgium","Unknown",NA,"9428fb36117251d5231a2fa6120aba5dc189a77a90304fe9349f8533c10224f1","NPS","BAL","f5d2825fffa0e81e50c6fd2a97e18390de0db49de0b9f14f95e7458c69ec8b4e",2022-02-18 15:16:12,2022-02-01,2022-02-13,"BCV",1
"603","4","Belgium","Unknown",NA,"97edd9d31897ea1793f40d9000a1ee078b368ee6eee8be878a89d845118b7ea6","NPS","BAL","2e56a8020dd31df8ebc207b8aa6f0e25d3cc8f3d10e5203146c880cedd0f9d2a",2022-02-24 16:18:18,2022-02-01,2022-02-20,"PM",0
"604","4","Belgium","Unknown",NA,"97edd9d31897ea1793f40d9000a1ee078b368ee6eee8be878a89d845118b7ea6","NPS","BAL","2e56a8020dd31df8ebc207b8aa6f0e25d3cc8f3d10e5203146c880cedd0f9d2a",2022-02-24 16:18:18,2022-02-01,2022-02-20,"MH",0
"605","4","Belgium","Unknown",NA,"97edd9d31897ea1793f40d9000a1ee078b368ee6eee8be878a89d845118b7ea6","NPS","BAL","2e56a8020dd31df8ebc207b8aa6f0e25d3cc8f3d10e5203146c880cedd0f9d2a",2022-02-24 16:18:18,2022-02-01,2022-02-20,"HS",0
"606","4","Belgium","Unknown",NA,"97edd9d31897ea1793f40d9000a1ee078b368ee6eee8be878a89d845118b7ea6","NPS","BAL","2e56a8020dd31df8ebc207b8aa6f0e25d3cc8f3d10e5203146c880cedd0f9d2a",2022-02-24 16:18:18,2022-02-01,2022-02-20,"MB",0
"607","4","Belgium","Unknown",NA,"97edd9d31897ea1793f40d9000a1ee078b368ee6eee8be878a89d845118b7ea6","NPS","BAL","2e56a8020dd31df8ebc207b8aa6f0e25d3cc8f3d10e5203146c880cedd0f9d2a",2022-02-24 16:18:18,2022-02-01,2022-02-20,"BRSV",1
"608","4","Belgium","Unknown",NA,"97edd9d31897ea1793f40d9000a1ee078b368ee6eee8be878a89d845118b7ea6","NPS","BAL","2e56a8020dd31df8ebc207b8aa6f0e25d3cc8f3d10e5203146c880cedd0f9d2a",2022-02-24 16:18:18,2022-02-01,2022-02-20,"PI3",0
"609","4","Belgium","Unknown",NA,"97edd9d31897ea1793f40d9000a1ee078b368ee6eee8be878a89d845118b7ea6","NPS","BAL","2e56a8020dd31df8ebc207b8aa6f0e25d3cc8f3d10e5203146c880cedd0f9d2a",2022-02-24 16:18:18,2022-02-01,2022-02-20,"BCV",0
"610","4","Belgium","Unknown",NA,"97edd9d31897ea1793f40d9000a1ee078b368ee6eee8be878a89d845118b7ea6","NPS","BAL","6c64a67b2888aa39f4114ddfa2843a2ee21c13419f99609aefcfbe4dabf2cf19",2022-02-24 16:18:18,2022-02-01,2022-02-20,"PM",0
"611","4","Belgium","Unknown",NA,"97edd9d31897ea1793f40d9000a1ee078b368ee6eee8be878a89d845118b7ea6","NPS","BAL","6c64a67b2888aa39f4114ddfa2843a2ee21c13419f99609aefcfbe4dabf2cf19",2022-02-24 16:18:18,2022-02-01,2022-02-20,"MH",0
"612","4","Belgium","Unknown",NA,"97edd9d31897ea1793f40d9000a1ee078b368ee6eee8be878a89d845118b7ea6","NPS","BAL","6c64a67b2888aa39f4114ddfa2843a2ee21c13419f99609aefcfbe4dabf2cf19",2022-02-24 16:18:18,2022-02-01,2022-02-20,"HS",0
"613","4","Belgium","Unknown",NA,"97edd9d31897ea1793f40d9000a1ee078b368ee6eee8be878a89d845118b7ea6","NPS","BAL","6c64a67b2888aa39f4114ddfa2843a2ee21c13419f99609aefcfbe4dabf2cf19",2022-02-24 16:18:18,2022-02-01,2022-02-20,"MB",0
"614","4","Belgium","Unknown",NA,"97edd9d31897ea1793f40d9000a1ee078b368ee6eee8be878a89d845118b7ea6","NPS","BAL","6c64a67b2888aa39f4114ddfa2843a2ee21c13419f99609aefcfbe4dabf2cf19",2022-02-24 16:18:18,2022-02-01,2022-02-20,"BRSV",0
"615","4","Belgium","Unknown",NA,"97edd9d31897ea1793f40d9000a1ee078b368ee6eee8be878a89d845118b7ea6","NPS","BAL","6c64a67b2888aa39f4114ddfa2843a2ee21c13419f99609aefcfbe4dabf2cf19",2022-02-24 16:18:18,2022-02-01,2022-02-20,"PI3",0
"616","4","Belgium","Unknown",NA,"97edd9d31897ea1793f40d9000a1ee078b368ee6eee8be878a89d845118b7ea6","NPS","BAL","6c64a67b2888aa39f4114ddfa2843a2ee21c13419f99609aefcfbe4dabf2cf19",2022-02-24 16:18:18,2022-02-01,2022-02-20,"BCV",1
"617","4","Belgium","Unknown",NA,"97edd9d31897ea1793f40d9000a1ee078b368ee6eee8be878a89d845118b7ea6","NPS","BAL","72695578e5b8aa4cbfe2167b872668885922b99ec7087247bb299800b905708f",2022-02-24 16:18:18,2022-02-01,2022-02-20,"PM",0
"618","4","Belgium","Unknown",NA,"97edd9d31897ea1793f40d9000a1ee078b368ee6eee8be878a89d845118b7ea6","NPS","BAL","72695578e5b8aa4cbfe2167b872668885922b99ec7087247bb299800b905708f",2022-02-24 16:18:18,2022-02-01,2022-02-20,"MH",0
"619","4","Belgium","Unknown",NA,"97edd9d31897ea1793f40d9000a1ee078b368ee6eee8be878a89d845118b7ea6","NPS","BAL","72695578e5b8aa4cbfe2167b872668885922b99ec7087247bb299800b905708f",2022-02-24 16:18:18,2022-02-01,2022-02-20,"HS",0
"620","4","Belgium","Unknown",NA,"97edd9d31897ea1793f40d9000a1ee078b368ee6eee8be878a89d845118b7ea6","NPS","BAL","72695578e5b8aa4cbfe2167b872668885922b99ec7087247bb299800b905708f",2022-02-24 16:18:18,2022-02-01,2022-02-20,"MB",0
"621","4","Belgium","Unknown",NA,"97edd9d31897ea1793f40d9000a1ee078b368ee6eee8be878a89d845118b7ea6","NPS","BAL","72695578e5b8aa4cbfe2167b872668885922b99ec7087247bb299800b905708f",2022-02-24 16:18:18,2022-02-01,2022-02-20,"BRSV",0
"622","4","Belgium","Unknown",NA,"97edd9d31897ea1793f40d9000a1ee078b368ee6eee8be878a89d845118b7ea6","NPS","BAL","72695578e5b8aa4cbfe2167b872668885922b99ec7087247bb299800b905708f",2022-02-24 16:18:18,2022-02-01,2022-02-20,"PI3",0
"623","4","Belgium","Unknown",NA,"97edd9d31897ea1793f40d9000a1ee078b368ee6eee8be878a89d845118b7ea6","NPS","BAL","72695578e5b8aa4cbfe2167b872668885922b99ec7087247bb299800b905708f",2022-02-24 16:18:18,2022-02-01,2022-02-20,"BCV",1
"624","4","Belgium","Unknown",NA,"97edd9d31897ea1793f40d9000a1ee078b368ee6eee8be878a89d845118b7ea6","NPS","BAL","cb317a98d402754525430290b8dd5d487aad3e1053c47e1c1bec4db354dfddaf",2022-02-24 16:18:18,2022-02-01,2022-02-20,"PM",0
"625","4","Belgium","Unknown",NA,"97edd9d31897ea1793f40d9000a1ee078b368ee6eee8be878a89d845118b7ea6","NPS","BAL","cb317a98d402754525430290b8dd5d487aad3e1053c47e1c1bec4db354dfddaf",2022-02-24 16:18:18,2022-02-01,2022-02-20,"MH",0
"626","4","Belgium","Unknown",NA,"97edd9d31897ea1793f40d9000a1ee078b368ee6eee8be878a89d845118b7ea6","NPS","BAL","cb317a98d402754525430290b8dd5d487aad3e1053c47e1c1bec4db354dfddaf",2022-02-24 16:18:18,2022-02-01,2022-02-20,"HS",0
"627","4","Belgium","Unknown",NA,"97edd9d31897ea1793f40d9000a1ee078b368ee6eee8be878a89d845118b7ea6","NPS","BAL","cb317a98d402754525430290b8dd5d487aad3e1053c47e1c1bec4db354dfddaf",2022-02-24 16:18:18,2022-02-01,2022-02-20,"MB",0
"628","4","Belgium","Unknown",NA,"97edd9d31897ea1793f40d9000a1ee078b368ee6eee8be878a89d845118b7ea6","NPS","BAL","cb317a98d402754525430290b8dd5d487aad3e1053c47e1c1bec4db354dfddaf",2022-02-24 16:18:18,2022-02-01,2022-02-20,"BRSV",0
"629","4","Belgium","Unknown",NA,"97edd9d31897ea1793f40d9000a1ee078b368ee6eee8be878a89d845118b7ea6","NPS","BAL","cb317a98d402754525430290b8dd5d487aad3e1053c47e1c1bec4db354dfddaf",2022-02-24 16:18:18,2022-02-01,2022-02-20,"PI3",0
"630","4","Belgium","Unknown",NA,"97edd9d31897ea1793f40d9000a1ee078b368ee6eee8be878a89d845118b7ea6","NPS","BAL","cb317a98d402754525430290b8dd5d487aad3e1053c47e1c1bec4db354dfddaf",2022-02-24 16:18:18,2022-02-01,2022-02-20,"BCV",1
"631","4","Belgium","Unknown",NA,"9d0f9740bf708828641fecffa4c14fa25d195953b513e82203fd62533512d55d","NPS","BAL","41adefa80327159ba20be23d357d1a7ee5c0bfd399aff792efa58ac2cf8bb349",2022-02-02 16:09:41,2022-02-01,2022-01-30,"PM",0
"632","4","Belgium","Unknown",NA,"9d0f9740bf708828641fecffa4c14fa25d195953b513e82203fd62533512d55d","NPS","BAL","41adefa80327159ba20be23d357d1a7ee5c0bfd399aff792efa58ac2cf8bb349",2022-02-02 16:09:41,2022-02-01,2022-01-30,"MH",0
"633","4","Belgium","Unknown",NA,"9d0f9740bf708828641fecffa4c14fa25d195953b513e82203fd62533512d55d","NPS","BAL","41adefa80327159ba20be23d357d1a7ee5c0bfd399aff792efa58ac2cf8bb349",2022-02-02 16:09:41,2022-02-01,2022-01-30,"HS",0
"634","4","Belgium","Unknown",NA,"9d0f9740bf708828641fecffa4c14fa25d195953b513e82203fd62533512d55d","NPS","BAL","41adefa80327159ba20be23d357d1a7ee5c0bfd399aff792efa58ac2cf8bb349",2022-02-02 16:09:41,2022-02-01,2022-01-30,"MB",1
"635","4","Belgium","Unknown",NA,"9d0f9740bf708828641fecffa4c14fa25d195953b513e82203fd62533512d55d","NPS","BAL","41adefa80327159ba20be23d357d1a7ee5c0bfd399aff792efa58ac2cf8bb349",2022-02-02 16:09:41,2022-02-01,2022-01-30,"BRSV",0
"636","4","Belgium","Unknown",NA,"9d0f9740bf708828641fecffa4c14fa25d195953b513e82203fd62533512d55d","NPS","BAL","41adefa80327159ba20be23d357d1a7ee5c0bfd399aff792efa58ac2cf8bb349",2022-02-02 16:09:41,2022-02-01,2022-01-30,"PI3",0
"637","4","Belgium","Unknown",NA,"9d0f9740bf708828641fecffa4c14fa25d195953b513e82203fd62533512d55d","NPS","BAL","41adefa80327159ba20be23d357d1a7ee5c0bfd399aff792efa58ac2cf8bb349",2022-02-02 16:09:41,2022-02-01,2022-01-30,"BCV",0
"638","4","Belgium","Unknown",NA,"a0119e19d7f710c158729bc4153a6996e891b54664262b502c7be665e0f2f042","NPS","BAL","899fe985e893b124dff8820c977e7dd623078c36161ae3cfe6f75c0c819a8157",2021-02-10 20:50:18,2021-02-01,2021-02-07,"PM",0
"639","4","Belgium","Unknown",NA,"a0119e19d7f710c158729bc4153a6996e891b54664262b502c7be665e0f2f042","NPS","BAL","899fe985e893b124dff8820c977e7dd623078c36161ae3cfe6f75c0c819a8157",2021-02-10 20:50:18,2021-02-01,2021-02-07,"MH",0
"640","4","Belgium","Unknown",NA,"a0119e19d7f710c158729bc4153a6996e891b54664262b502c7be665e0f2f042","NPS","BAL","899fe985e893b124dff8820c977e7dd623078c36161ae3cfe6f75c0c819a8157",2021-02-10 20:50:18,2021-02-01,2021-02-07,"HS",0
"641","4","Belgium","Unknown",NA,"a0119e19d7f710c158729bc4153a6996e891b54664262b502c7be665e0f2f042","NPS","BAL","899fe985e893b124dff8820c977e7dd623078c36161ae3cfe6f75c0c819a8157",2021-02-10 20:50:18,2021-02-01,2021-02-07,"MB",0
"642","4","Belgium","Unknown",NA,"a0119e19d7f710c158729bc4153a6996e891b54664262b502c7be665e0f2f042","NPS","BAL","899fe985e893b124dff8820c977e7dd623078c36161ae3cfe6f75c0c819a8157",2021-02-10 20:50:18,2021-02-01,2021-02-07,"BRSV",0
"643","4","Belgium","Unknown",NA,"a0119e19d7f710c158729bc4153a6996e891b54664262b502c7be665e0f2f042","NPS","BAL","899fe985e893b124dff8820c977e7dd623078c36161ae3cfe6f75c0c819a8157",2021-02-10 20:50:18,2021-02-01,2021-02-07,"PI3",0
"644","4","Belgium","Unknown",NA,"a0119e19d7f710c158729bc4153a6996e891b54664262b502c7be665e0f2f042","NPS","BAL","899fe985e893b124dff8820c977e7dd623078c36161ae3cfe6f75c0c819a8157",2021-02-10 20:50:18,2021-02-01,2021-02-07,"BCV",0
"645","4","Belgium","Unknown",NA,"a93adca485a1de847315581eb6391ea4c97cf5c98c5b68ba929d49795202d91c","NPS","BAL","d5202cfaa87f58037dbd7143fd3a1336dd15c50d58269d1f6a9dc3ea307dbb53",2022-07-25 16:42:23,2022-07-01,2022-07-24,"PM",0
"646","4","Belgium","Unknown",NA,"a93adca485a1de847315581eb6391ea4c97cf5c98c5b68ba929d49795202d91c","NPS","BAL","d5202cfaa87f58037dbd7143fd3a1336dd15c50d58269d1f6a9dc3ea307dbb53",2022-07-25 16:42:23,2022-07-01,2022-07-24,"MH",0
"647","4","Belgium","Unknown",NA,"a93adca485a1de847315581eb6391ea4c97cf5c98c5b68ba929d49795202d91c","NPS","BAL","d5202cfaa87f58037dbd7143fd3a1336dd15c50d58269d1f6a9dc3ea307dbb53",2022-07-25 16:42:23,2022-07-01,2022-07-24,"HS",0
"648","4","Belgium","Unknown",NA,"a93adca485a1de847315581eb6391ea4c97cf5c98c5b68ba929d49795202d91c","NPS","BAL","d5202cfaa87f58037dbd7143fd3a1336dd15c50d58269d1f6a9dc3ea307dbb53",2022-07-25 16:42:23,2022-07-01,2022-07-24,"MB",0
"649","4","Belgium","Unknown",NA,"a93adca485a1de847315581eb6391ea4c97cf5c98c5b68ba929d49795202d91c","NPS","BAL","d5202cfaa87f58037dbd7143fd3a1336dd15c50d58269d1f6a9dc3ea307dbb53",2022-07-25 16:42:23,2022-07-01,2022-07-24,"BRSV",0
"650","4","Belgium","Unknown",NA,"a93adca485a1de847315581eb6391ea4c97cf5c98c5b68ba929d49795202d91c","NPS","BAL","d5202cfaa87f58037dbd7143fd3a1336dd15c50d58269d1f6a9dc3ea307dbb53",2022-07-25 16:42:23,2022-07-01,2022-07-24,"PI3",0
"651","4","Belgium","Unknown",NA,"a93adca485a1de847315581eb6391ea4c97cf5c98c5b68ba929d49795202d91c","NPS","BAL","d5202cfaa87f58037dbd7143fd3a1336dd15c50d58269d1f6a9dc3ea307dbb53",2022-07-25 16:42:23,2022-07-01,2022-07-24,"BCV",0
"652","4","Belgium","Unknown",NA,"ab4e225c837ae25f01d79a63083b6426959e3cf6c8f6e055866ce4907af600ce","NPS","BAL","69be0182f4d8fa9f909126ba2ded763d076e10fc4999b9dee9cec1f596ea2cad",2021-05-03 13:06:29,2021-05-01,2021-05-02,"PM",0
"653","4","Belgium","Unknown",NA,"ab4e225c837ae25f01d79a63083b6426959e3cf6c8f6e055866ce4907af600ce","NPS","BAL","69be0182f4d8fa9f909126ba2ded763d076e10fc4999b9dee9cec1f596ea2cad",2021-05-03 13:06:29,2021-05-01,2021-05-02,"MH",0
"654","4","Belgium","Unknown",NA,"ab4e225c837ae25f01d79a63083b6426959e3cf6c8f6e055866ce4907af600ce","NPS","BAL","69be0182f4d8fa9f909126ba2ded763d076e10fc4999b9dee9cec1f596ea2cad",2021-05-03 13:06:29,2021-05-01,2021-05-02,"HS",0
"655","4","Belgium","Unknown",NA,"ab4e225c837ae25f01d79a63083b6426959e3cf6c8f6e055866ce4907af600ce","NPS","BAL","69be0182f4d8fa9f909126ba2ded763d076e10fc4999b9dee9cec1f596ea2cad",2021-05-03 13:06:29,2021-05-01,2021-05-02,"MB",0
"656","4","Belgium","Unknown",NA,"ab4e225c837ae25f01d79a63083b6426959e3cf6c8f6e055866ce4907af600ce","NPS","BAL","69be0182f4d8fa9f909126ba2ded763d076e10fc4999b9dee9cec1f596ea2cad",2021-05-03 13:06:29,2021-05-01,2021-05-02,"BRSV",0
"657","4","Belgium","Unknown",NA,"ab4e225c837ae25f01d79a63083b6426959e3cf6c8f6e055866ce4907af600ce","NPS","BAL","69be0182f4d8fa9f909126ba2ded763d076e10fc4999b9dee9cec1f596ea2cad",2021-05-03 13:06:29,2021-05-01,2021-05-02,"PI3",0
"658","4","Belgium","Unknown",NA,"ab4e225c837ae25f01d79a63083b6426959e3cf6c8f6e055866ce4907af600ce","NPS","BAL","69be0182f4d8fa9f909126ba2ded763d076e10fc4999b9dee9cec1f596ea2cad",2021-05-03 13:06:29,2021-05-01,2021-05-02,"BCV",0
"659","4","Belgium","Unknown",NA,"ad90e46468712810ff46770cd544a486f337ccab41b018ac251497431fdddc35","NPS","BAL","9dec6a96c55e8889c1ff9b2a44256fac7f44beccd3c0e22ddbaee2d7a3e26bff",2022-02-18 14:53:39,2022-02-01,2022-02-13,"PM",0
"660","4","Belgium","Unknown",NA,"ad90e46468712810ff46770cd544a486f337ccab41b018ac251497431fdddc35","NPS","BAL","9dec6a96c55e8889c1ff9b2a44256fac7f44beccd3c0e22ddbaee2d7a3e26bff",2022-02-18 14:53:39,2022-02-01,2022-02-13,"MH",0
"661","4","Belgium","Unknown",NA,"ad90e46468712810ff46770cd544a486f337ccab41b018ac251497431fdddc35","NPS","BAL","9dec6a96c55e8889c1ff9b2a44256fac7f44beccd3c0e22ddbaee2d7a3e26bff",2022-02-18 14:53:39,2022-02-01,2022-02-13,"HS",0
"662","4","Belgium","Unknown",NA,"ad90e46468712810ff46770cd544a486f337ccab41b018ac251497431fdddc35","NPS","BAL","9dec6a96c55e8889c1ff9b2a44256fac7f44beccd3c0e22ddbaee2d7a3e26bff",2022-02-18 14:53:39,2022-02-01,2022-02-13,"MB",1
"663","4","Belgium","Unknown",NA,"ad90e46468712810ff46770cd544a486f337ccab41b018ac251497431fdddc35","NPS","BAL","9dec6a96c55e8889c1ff9b2a44256fac7f44beccd3c0e22ddbaee2d7a3e26bff",2022-02-18 14:53:39,2022-02-01,2022-02-13,"BRSV",0
"664","4","Belgium","Unknown",NA,"ad90e46468712810ff46770cd544a486f337ccab41b018ac251497431fdddc35","NPS","BAL","9dec6a96c55e8889c1ff9b2a44256fac7f44beccd3c0e22ddbaee2d7a3e26bff",2022-02-18 14:53:39,2022-02-01,2022-02-13,"PI3",0
"665","4","Belgium","Unknown",NA,"ad90e46468712810ff46770cd544a486f337ccab41b018ac251497431fdddc35","NPS","BAL","9dec6a96c55e8889c1ff9b2a44256fac7f44beccd3c0e22ddbaee2d7a3e26bff",2022-02-18 14:53:39,2022-02-01,2022-02-13,"BCV",0
"666","4","Belgium","Unknown",NA,"b0b03d744a85f4459c71437fe196dd925a299a06ae7a425615c903c97c36b8fb","NPS","BAL","b815f5c630593b36d5a838a7d69dfc1a5f78d3d37bf9d4e04c0ba03c97d87fbf",2021-03-17 16:12:25,2021-03-01,2021-03-14,"PM",0
"667","4","Belgium","Unknown",NA,"b0b03d744a85f4459c71437fe196dd925a299a06ae7a425615c903c97c36b8fb","NPS","BAL","b815f5c630593b36d5a838a7d69dfc1a5f78d3d37bf9d4e04c0ba03c97d87fbf",2021-03-17 16:12:25,2021-03-01,2021-03-14,"MH",0
"668","4","Belgium","Unknown",NA,"b0b03d744a85f4459c71437fe196dd925a299a06ae7a425615c903c97c36b8fb","NPS","BAL","b815f5c630593b36d5a838a7d69dfc1a5f78d3d37bf9d4e04c0ba03c97d87fbf",2021-03-17 16:12:25,2021-03-01,2021-03-14,"HS",0
"669","4","Belgium","Unknown",NA,"b0b03d744a85f4459c71437fe196dd925a299a06ae7a425615c903c97c36b8fb","NPS","BAL","b815f5c630593b36d5a838a7d69dfc1a5f78d3d37bf9d4e04c0ba03c97d87fbf",2021-03-17 16:12:25,2021-03-01,2021-03-14,"MB",1
"670","4","Belgium","Unknown",NA,"b0b03d744a85f4459c71437fe196dd925a299a06ae7a425615c903c97c36b8fb","NPS","BAL","b815f5c630593b36d5a838a7d69dfc1a5f78d3d37bf9d4e04c0ba03c97d87fbf",2021-03-17 16:12:25,2021-03-01,2021-03-14,"BRSV",0
"671","4","Belgium","Unknown",NA,"b0b03d744a85f4459c71437fe196dd925a299a06ae7a425615c903c97c36b8fb","NPS","BAL","b815f5c630593b36d5a838a7d69dfc1a5f78d3d37bf9d4e04c0ba03c97d87fbf",2021-03-17 16:12:25,2021-03-01,2021-03-14,"PI3",0
"672","4","Belgium","Unknown",NA,"b0b03d744a85f4459c71437fe196dd925a299a06ae7a425615c903c97c36b8fb","NPS","BAL","b815f5c630593b36d5a838a7d69dfc1a5f78d3d37bf9d4e04c0ba03c97d87fbf",2021-03-17 16:12:25,2021-03-01,2021-03-14,"BCV",0
"673","4","Belgium","Unknown",NA,"b28bb581f28c6301ef37c4f38ca420fccc0ad1870a1d45ab748da876be7784c5","NPS","Swab","09c8798b150c5a2e68b678431f10dd92509346c6325f447fc04ef85cd41fab26",2021-11-10 16:31:20,2021-11-01,2021-11-07,"PM",0
"674","4","Belgium","Unknown",NA,"b28bb581f28c6301ef37c4f38ca420fccc0ad1870a1d45ab748da876be7784c5","NPS","Swab","09c8798b150c5a2e68b678431f10dd92509346c6325f447fc04ef85cd41fab26",2021-11-10 16:31:20,2021-11-01,2021-11-07,"MH",0
"675","4","Belgium","Unknown",NA,"b28bb581f28c6301ef37c4f38ca420fccc0ad1870a1d45ab748da876be7784c5","NPS","Swab","09c8798b150c5a2e68b678431f10dd92509346c6325f447fc04ef85cd41fab26",2021-11-10 16:31:20,2021-11-01,2021-11-07,"HS",0
"676","4","Belgium","Unknown",NA,"b28bb581f28c6301ef37c4f38ca420fccc0ad1870a1d45ab748da876be7784c5","NPS","Swab","09c8798b150c5a2e68b678431f10dd92509346c6325f447fc04ef85cd41fab26",2021-11-10 16:31:20,2021-11-01,2021-11-07,"MB",0
"677","4","Belgium","Unknown",NA,"b28bb581f28c6301ef37c4f38ca420fccc0ad1870a1d45ab748da876be7784c5","NPS","Swab","09c8798b150c5a2e68b678431f10dd92509346c6325f447fc04ef85cd41fab26",2021-11-10 16:31:20,2021-11-01,2021-11-07,"BRSV",0
"678","4","Belgium","Unknown",NA,"b28bb581f28c6301ef37c4f38ca420fccc0ad1870a1d45ab748da876be7784c5","NPS","Swab","09c8798b150c5a2e68b678431f10dd92509346c6325f447fc04ef85cd41fab26",2021-11-10 16:31:20,2021-11-01,2021-11-07,"PI3",0
"679","4","Belgium","Unknown",NA,"b28bb581f28c6301ef37c4f38ca420fccc0ad1870a1d45ab748da876be7784c5","NPS","Swab","09c8798b150c5a2e68b678431f10dd92509346c6325f447fc04ef85cd41fab26",2021-11-10 16:31:20,2021-11-01,2021-11-07,"BCV",0
"680","4","Belgium","Unknown",NA,"b4659ba19064b95e052239db97885c7c20e8a6491db14deef197cd69224cbae6","NPS","BAL","4ddc4754c625a03b423c3255cbbb68125933ef5bf66f0d00ca20ed3da6bf6c2d",2022-02-01 16:08:18,2022-02-01,2022-01-30,"PM",0
"681","4","Belgium","Unknown",NA,"b4659ba19064b95e052239db97885c7c20e8a6491db14deef197cd69224cbae6","NPS","BAL","4ddc4754c625a03b423c3255cbbb68125933ef5bf66f0d00ca20ed3da6bf6c2d",2022-02-01 16:08:18,2022-02-01,2022-01-30,"MH",0
"682","4","Belgium","Unknown",NA,"b4659ba19064b95e052239db97885c7c20e8a6491db14deef197cd69224cbae6","NPS","BAL","4ddc4754c625a03b423c3255cbbb68125933ef5bf66f0d00ca20ed3da6bf6c2d",2022-02-01 16:08:18,2022-02-01,2022-01-30,"HS",0
"683","4","Belgium","Unknown",NA,"b4659ba19064b95e052239db97885c7c20e8a6491db14deef197cd69224cbae6","NPS","BAL","4ddc4754c625a03b423c3255cbbb68125933ef5bf66f0d00ca20ed3da6bf6c2d",2022-02-01 16:08:18,2022-02-01,2022-01-30,"MB",1
"684","4","Belgium","Unknown",NA,"b4659ba19064b95e052239db97885c7c20e8a6491db14deef197cd69224cbae6","NPS","BAL","4ddc4754c625a03b423c3255cbbb68125933ef5bf66f0d00ca20ed3da6bf6c2d",2022-02-01 16:08:18,2022-02-01,2022-01-30,"BRSV",0
"685","4","Belgium","Unknown",NA,"b4659ba19064b95e052239db97885c7c20e8a6491db14deef197cd69224cbae6","NPS","BAL","4ddc4754c625a03b423c3255cbbb68125933ef5bf66f0d00ca20ed3da6bf6c2d",2022-02-01 16:08:18,2022-02-01,2022-01-30,"PI3",0
"686","4","Belgium","Unknown",NA,"b4659ba19064b95e052239db97885c7c20e8a6491db14deef197cd69224cbae6","NPS","BAL","4ddc4754c625a03b423c3255cbbb68125933ef5bf66f0d00ca20ed3da6bf6c2d",2022-02-01 16:08:18,2022-02-01,2022-01-30,"BCV",0
"687","4","Belgium","Unknown",NA,"bd54ada8575526cdb3df5a6357270fdf7a4bfd6f8ed8ece88cba7e9342e6b02f","NPS","BAL","aded40e220d2587b0ef1f88302a192d411bc55ddff1c4d818177777d6060a490",2020-12-23 13:29:00,2020-12-01,2020-12-20,"PM",0
"688","4","Belgium","Unknown",NA,"bd54ada8575526cdb3df5a6357270fdf7a4bfd6f8ed8ece88cba7e9342e6b02f","NPS","BAL","aded40e220d2587b0ef1f88302a192d411bc55ddff1c4d818177777d6060a490",2020-12-23 13:29:00,2020-12-01,2020-12-20,"MH",0
"689","4","Belgium","Unknown",NA,"bd54ada8575526cdb3df5a6357270fdf7a4bfd6f8ed8ece88cba7e9342e6b02f","NPS","BAL","aded40e220d2587b0ef1f88302a192d411bc55ddff1c4d818177777d6060a490",2020-12-23 13:29:00,2020-12-01,2020-12-20,"HS",0
"690","4","Belgium","Unknown",NA,"bd54ada8575526cdb3df5a6357270fdf7a4bfd6f8ed8ece88cba7e9342e6b02f","NPS","BAL","aded40e220d2587b0ef1f88302a192d411bc55ddff1c4d818177777d6060a490",2020-12-23 13:29:00,2020-12-01,2020-12-20,"MB",0
"691","4","Belgium","Unknown",NA,"bd54ada8575526cdb3df5a6357270fdf7a4bfd6f8ed8ece88cba7e9342e6b02f","NPS","BAL","aded40e220d2587b0ef1f88302a192d411bc55ddff1c4d818177777d6060a490",2020-12-23 13:29:00,2020-12-01,2020-12-20,"BRSV",0
"692","4","Belgium","Unknown",NA,"bd54ada8575526cdb3df5a6357270fdf7a4bfd6f8ed8ece88cba7e9342e6b02f","NPS","BAL","aded40e220d2587b0ef1f88302a192d411bc55ddff1c4d818177777d6060a490",2020-12-23 13:29:00,2020-12-01,2020-12-20,"PI3",0
"693","4","Belgium","Unknown",NA,"bd54ada8575526cdb3df5a6357270fdf7a4bfd6f8ed8ece88cba7e9342e6b02f","NPS","BAL","aded40e220d2587b0ef1f88302a192d411bc55ddff1c4d818177777d6060a490",2020-12-23 13:29:00,2020-12-01,2020-12-20,"BCV",0
"694","4","Belgium","Unknown",NA,"bebcee2abff6b6f2e04afac2869e7edec0bf441979a6b183b430f9e1e3d7b9c0","NPS","Swab","13b3f39cb74686a176eb0f364ffe4e5e38c9bfa5bb9a8bd1624135ce306ef3d0",2021-03-19 20:04:07,2021-03-01,2021-03-14,"PM",0
"695","4","Belgium","Unknown",NA,"bebcee2abff6b6f2e04afac2869e7edec0bf441979a6b183b430f9e1e3d7b9c0","NPS","Swab","13b3f39cb74686a176eb0f364ffe4e5e38c9bfa5bb9a8bd1624135ce306ef3d0",2021-03-19 20:04:07,2021-03-01,2021-03-14,"MH",0
"696","4","Belgium","Unknown",NA,"bebcee2abff6b6f2e04afac2869e7edec0bf441979a6b183b430f9e1e3d7b9c0","NPS","Swab","13b3f39cb74686a176eb0f364ffe4e5e38c9bfa5bb9a8bd1624135ce306ef3d0",2021-03-19 20:04:07,2021-03-01,2021-03-14,"HS",0
"697","4","Belgium","Unknown",NA,"bebcee2abff6b6f2e04afac2869e7edec0bf441979a6b183b430f9e1e3d7b9c0","NPS","Swab","13b3f39cb74686a176eb0f364ffe4e5e38c9bfa5bb9a8bd1624135ce306ef3d0",2021-03-19 20:04:07,2021-03-01,2021-03-14,"MB",0
"698","4","Belgium","Unknown",NA,"bebcee2abff6b6f2e04afac2869e7edec0bf441979a6b183b430f9e1e3d7b9c0","NPS","Swab","13b3f39cb74686a176eb0f364ffe4e5e38c9bfa5bb9a8bd1624135ce306ef3d0",2021-03-19 20:04:07,2021-03-01,2021-03-14,"BRSV",0
"699","4","Belgium","Unknown",NA,"bebcee2abff6b6f2e04afac2869e7edec0bf441979a6b183b430f9e1e3d7b9c0","NPS","Swab","13b3f39cb74686a176eb0f364ffe4e5e38c9bfa5bb9a8bd1624135ce306ef3d0",2021-03-19 20:04:07,2021-03-01,2021-03-14,"PI3",0
"700","4","Belgium","Unknown",NA,"bebcee2abff6b6f2e04afac2869e7edec0bf441979a6b183b430f9e1e3d7b9c0","NPS","Swab","13b3f39cb74686a176eb0f364ffe4e5e38c9bfa5bb9a8bd1624135ce306ef3d0",2021-03-19 20:04:07,2021-03-01,2021-03-14,"BCV",0
"701","4","Belgium","Unknown",NA,"c745b79afd666fe922e3a8c9f2f4dce81310fe8648d19f36a767e96d5d824d78","NPS","BAL","df9d46565657e21f36797f3c60a06e557113b1117e56f093a869f1387fbfba66",2021-10-21 17:19:23,2021-10-01,2021-10-17,"PM",0
"702","4","Belgium","Unknown",NA,"c745b79afd666fe922e3a8c9f2f4dce81310fe8648d19f36a767e96d5d824d78","NPS","BAL","df9d46565657e21f36797f3c60a06e557113b1117e56f093a869f1387fbfba66",2021-10-21 17:19:23,2021-10-01,2021-10-17,"MH",0
"703","4","Belgium","Unknown",NA,"c745b79afd666fe922e3a8c9f2f4dce81310fe8648d19f36a767e96d5d824d78","NPS","BAL","df9d46565657e21f36797f3c60a06e557113b1117e56f093a869f1387fbfba66",2021-10-21 17:19:23,2021-10-01,2021-10-17,"HS",0
"704","4","Belgium","Unknown",NA,"c745b79afd666fe922e3a8c9f2f4dce81310fe8648d19f36a767e96d5d824d78","NPS","BAL","df9d46565657e21f36797f3c60a06e557113b1117e56f093a869f1387fbfba66",2021-10-21 17:19:23,2021-10-01,2021-10-17,"MB",0
"705","4","Belgium","Unknown",NA,"c745b79afd666fe922e3a8c9f2f4dce81310fe8648d19f36a767e96d5d824d78","NPS","BAL","df9d46565657e21f36797f3c60a06e557113b1117e56f093a869f1387fbfba66",2021-10-21 17:19:23,2021-10-01,2021-10-17,"BRSV",0
"706","4","Belgium","Unknown",NA,"c745b79afd666fe922e3a8c9f2f4dce81310fe8648d19f36a767e96d5d824d78","NPS","BAL","df9d46565657e21f36797f3c60a06e557113b1117e56f093a869f1387fbfba66",2021-10-21 17:19:23,2021-10-01,2021-10-17,"PI3",0
"707","4","Belgium","Unknown",NA,"c745b79afd666fe922e3a8c9f2f4dce81310fe8648d19f36a767e96d5d824d78","NPS","BAL","df9d46565657e21f36797f3c60a06e557113b1117e56f093a869f1387fbfba66",2021-10-21 17:19:23,2021-10-01,2021-10-17,"BCV",1
"708","4","Belgium","Unknown",NA,"c76e5e55b95be946025e37d371b3af5ed2ce237529b07e6d6b0336768793e7d5","NPS","BAL","097f274cf69e963a59672611fb2f65ef70b833337eadfd8685601d6bbdaa8220",2022-04-28 10:47:50,2022-04-01,2022-04-24,"PM",0
"709","4","Belgium","Unknown",NA,"c76e5e55b95be946025e37d371b3af5ed2ce237529b07e6d6b0336768793e7d5","NPS","BAL","097f274cf69e963a59672611fb2f65ef70b833337eadfd8685601d6bbdaa8220",2022-04-28 10:47:50,2022-04-01,2022-04-24,"MH",0
"710","4","Belgium","Unknown",NA,"c76e5e55b95be946025e37d371b3af5ed2ce237529b07e6d6b0336768793e7d5","NPS","BAL","097f274cf69e963a59672611fb2f65ef70b833337eadfd8685601d6bbdaa8220",2022-04-28 10:47:50,2022-04-01,2022-04-24,"HS",0
"711","4","Belgium","Unknown",NA,"c76e5e55b95be946025e37d371b3af5ed2ce237529b07e6d6b0336768793e7d5","NPS","BAL","097f274cf69e963a59672611fb2f65ef70b833337eadfd8685601d6bbdaa8220",2022-04-28 10:47:50,2022-04-01,2022-04-24,"MB",1
"712","4","Belgium","Unknown",NA,"c76e5e55b95be946025e37d371b3af5ed2ce237529b07e6d6b0336768793e7d5","NPS","BAL","097f274cf69e963a59672611fb2f65ef70b833337eadfd8685601d6bbdaa8220",2022-04-28 10:47:50,2022-04-01,2022-04-24,"BRSV",0
"713","4","Belgium","Unknown",NA,"c76e5e55b95be946025e37d371b3af5ed2ce237529b07e6d6b0336768793e7d5","NPS","BAL","097f274cf69e963a59672611fb2f65ef70b833337eadfd8685601d6bbdaa8220",2022-04-28 10:47:50,2022-04-01,2022-04-24,"PI3",0
"714","4","Belgium","Unknown",NA,"c76e5e55b95be946025e37d371b3af5ed2ce237529b07e6d6b0336768793e7d5","NPS","BAL","097f274cf69e963a59672611fb2f65ef70b833337eadfd8685601d6bbdaa8220",2022-04-28 10:47:50,2022-04-01,2022-04-24,"BCV",1
"715","4","Belgium","Unknown",NA,"c76e5e55b95be946025e37d371b3af5ed2ce237529b07e6d6b0336768793e7d5","NPS","BAL","19b4bd774a67ed8b7593eac5069287b834f01f37f31ab1dadcd8b570dcc9b3ce",2022-04-28 10:47:50,2022-04-01,2022-04-24,"PM",1
"716","4","Belgium","Unknown",NA,"c76e5e55b95be946025e37d371b3af5ed2ce237529b07e6d6b0336768793e7d5","NPS","BAL","19b4bd774a67ed8b7593eac5069287b834f01f37f31ab1dadcd8b570dcc9b3ce",2022-04-28 10:47:50,2022-04-01,2022-04-24,"MH",0
"717","4","Belgium","Unknown",NA,"c76e5e55b95be946025e37d371b3af5ed2ce237529b07e6d6b0336768793e7d5","NPS","BAL","19b4bd774a67ed8b7593eac5069287b834f01f37f31ab1dadcd8b570dcc9b3ce",2022-04-28 10:47:50,2022-04-01,2022-04-24,"HS",0
"718","4","Belgium","Unknown",NA,"c76e5e55b95be946025e37d371b3af5ed2ce237529b07e6d6b0336768793e7d5","NPS","BAL","19b4bd774a67ed8b7593eac5069287b834f01f37f31ab1dadcd8b570dcc9b3ce",2022-04-28 10:47:50,2022-04-01,2022-04-24,"MB",0
"719","4","Belgium","Unknown",NA,"c76e5e55b95be946025e37d371b3af5ed2ce237529b07e6d6b0336768793e7d5","NPS","BAL","19b4bd774a67ed8b7593eac5069287b834f01f37f31ab1dadcd8b570dcc9b3ce",2022-04-28 10:47:50,2022-04-01,2022-04-24,"BRSV",0
"720","4","Belgium","Unknown",NA,"c76e5e55b95be946025e37d371b3af5ed2ce237529b07e6d6b0336768793e7d5","NPS","BAL","19b4bd774a67ed8b7593eac5069287b834f01f37f31ab1dadcd8b570dcc9b3ce",2022-04-28 10:47:50,2022-04-01,2022-04-24,"PI3",0
"721","4","Belgium","Unknown",NA,"c76e5e55b95be946025e37d371b3af5ed2ce237529b07e6d6b0336768793e7d5","NPS","BAL","19b4bd774a67ed8b7593eac5069287b834f01f37f31ab1dadcd8b570dcc9b3ce",2022-04-28 10:47:50,2022-04-01,2022-04-24,"BCV",0
"722","4","Belgium","Unknown",NA,"c76e5e55b95be946025e37d371b3af5ed2ce237529b07e6d6b0336768793e7d5","NPS","BAL","4161ed8204673744735cec9d097d2dab02b575d6837714867f2a02d6d959005d",2022-04-28 10:47:50,2022-04-01,2022-04-24,"PM",0
"723","4","Belgium","Unknown",NA,"c76e5e55b95be946025e37d371b3af5ed2ce237529b07e6d6b0336768793e7d5","NPS","BAL","4161ed8204673744735cec9d097d2dab02b575d6837714867f2a02d6d959005d",2022-04-28 10:47:50,2022-04-01,2022-04-24,"MH",0
"724","4","Belgium","Unknown",NA,"c76e5e55b95be946025e37d371b3af5ed2ce237529b07e6d6b0336768793e7d5","NPS","BAL","4161ed8204673744735cec9d097d2dab02b575d6837714867f2a02d6d959005d",2022-04-28 10:47:50,2022-04-01,2022-04-24,"HS",0
"725","4","Belgium","Unknown",NA,"c76e5e55b95be946025e37d371b3af5ed2ce237529b07e6d6b0336768793e7d5","NPS","BAL","4161ed8204673744735cec9d097d2dab02b575d6837714867f2a02d6d959005d",2022-04-28 10:47:50,2022-04-01,2022-04-24,"MB",1
"726","4","Belgium","Unknown",NA,"c76e5e55b95be946025e37d371b3af5ed2ce237529b07e6d6b0336768793e7d5","NPS","BAL","4161ed8204673744735cec9d097d2dab02b575d6837714867f2a02d6d959005d",2022-04-28 10:47:50,2022-04-01,2022-04-24,"BRSV",0
"727","4","Belgium","Unknown",NA,"c76e5e55b95be946025e37d371b3af5ed2ce237529b07e6d6b0336768793e7d5","NPS","BAL","4161ed8204673744735cec9d097d2dab02b575d6837714867f2a02d6d959005d",2022-04-28 10:47:50,2022-04-01,2022-04-24,"PI3",0
"728","4","Belgium","Unknown",NA,"c76e5e55b95be946025e37d371b3af5ed2ce237529b07e6d6b0336768793e7d5","NPS","BAL","4161ed8204673744735cec9d097d2dab02b575d6837714867f2a02d6d959005d",2022-04-28 10:47:50,2022-04-01,2022-04-24,"BCV",0
"729","4","Belgium","Unknown",NA,"c76e5e55b95be946025e37d371b3af5ed2ce237529b07e6d6b0336768793e7d5","NPS","BAL","5492ab4af482b41f9ba37225b5ec09704db9f4ff281393f0ee98d3586d6f1afa",2022-04-28 10:47:50,2022-04-01,2022-04-24,"PM",0
"730","4","Belgium","Unknown",NA,"c76e5e55b95be946025e37d371b3af5ed2ce237529b07e6d6b0336768793e7d5","NPS","BAL","5492ab4af482b41f9ba37225b5ec09704db9f4ff281393f0ee98d3586d6f1afa",2022-04-28 10:47:50,2022-04-01,2022-04-24,"MH",0
"731","4","Belgium","Unknown",NA,"c76e5e55b95be946025e37d371b3af5ed2ce237529b07e6d6b0336768793e7d5","NPS","BAL","5492ab4af482b41f9ba37225b5ec09704db9f4ff281393f0ee98d3586d6f1afa",2022-04-28 10:47:50,2022-04-01,2022-04-24,"HS",0
"732","4","Belgium","Unknown",NA,"c76e5e55b95be946025e37d371b3af5ed2ce237529b07e6d6b0336768793e7d5","NPS","BAL","5492ab4af482b41f9ba37225b5ec09704db9f4ff281393f0ee98d3586d6f1afa",2022-04-28 10:47:50,2022-04-01,2022-04-24,"MB",0
"733","4","Belgium","Unknown",NA,"c76e5e55b95be946025e37d371b3af5ed2ce237529b07e6d6b0336768793e7d5","NPS","BAL","5492ab4af482b41f9ba37225b5ec09704db9f4ff281393f0ee98d3586d6f1afa",2022-04-28 10:47:50,2022-04-01,2022-04-24,"BRSV",0
"734","4","Belgium","Unknown",NA,"c76e5e55b95be946025e37d371b3af5ed2ce237529b07e6d6b0336768793e7d5","NPS","BAL","5492ab4af482b41f9ba37225b5ec09704db9f4ff281393f0ee98d3586d6f1afa",2022-04-28 10:47:50,2022-04-01,2022-04-24,"PI3",0
"735","4","Belgium","Unknown",NA,"c76e5e55b95be946025e37d371b3af5ed2ce237529b07e6d6b0336768793e7d5","NPS","BAL","5492ab4af482b41f9ba37225b5ec09704db9f4ff281393f0ee98d3586d6f1afa",2022-04-28 10:47:50,2022-04-01,2022-04-24,"BCV",0
"736","4","Belgium","Unknown",NA,"c76e5e55b95be946025e37d371b3af5ed2ce237529b07e6d6b0336768793e7d5","NPS","BAL","909033570f5545191e17d1c5ec80f6e822c0ed7f5af9838ee96c0b1781273317",2022-04-28 10:47:50,2022-04-01,2022-04-24,"PM",0
"737","4","Belgium","Unknown",NA,"c76e5e55b95be946025e37d371b3af5ed2ce237529b07e6d6b0336768793e7d5","NPS","BAL","909033570f5545191e17d1c5ec80f6e822c0ed7f5af9838ee96c0b1781273317",2022-04-28 10:47:50,2022-04-01,2022-04-24,"MH",0
"738","4","Belgium","Unknown",NA,"c76e5e55b95be946025e37d371b3af5ed2ce237529b07e6d6b0336768793e7d5","NPS","BAL","909033570f5545191e17d1c5ec80f6e822c0ed7f5af9838ee96c0b1781273317",2022-04-28 10:47:50,2022-04-01,2022-04-24,"HS",0
"739","4","Belgium","Unknown",NA,"c76e5e55b95be946025e37d371b3af5ed2ce237529b07e6d6b0336768793e7d5","NPS","BAL","909033570f5545191e17d1c5ec80f6e822c0ed7f5af9838ee96c0b1781273317",2022-04-28 10:47:50,2022-04-01,2022-04-24,"MB",0
"740","4","Belgium","Unknown",NA,"c76e5e55b95be946025e37d371b3af5ed2ce237529b07e6d6b0336768793e7d5","NPS","BAL","909033570f5545191e17d1c5ec80f6e822c0ed7f5af9838ee96c0b1781273317",2022-04-28 10:47:50,2022-04-01,2022-04-24,"BRSV",0
"741","4","Belgium","Unknown",NA,"c76e5e55b95be946025e37d371b3af5ed2ce237529b07e6d6b0336768793e7d5","NPS","BAL","909033570f5545191e17d1c5ec80f6e822c0ed7f5af9838ee96c0b1781273317",2022-04-28 10:47:50,2022-04-01,2022-04-24,"PI3",0
"742","4","Belgium","Unknown",NA,"c76e5e55b95be946025e37d371b3af5ed2ce237529b07e6d6b0336768793e7d5","NPS","BAL","909033570f5545191e17d1c5ec80f6e822c0ed7f5af9838ee96c0b1781273317",2022-04-28 10:47:50,2022-04-01,2022-04-24,"BCV",1
"743","4","Belgium","Unknown",NA,"c7ee488de027cdf2c9c3f7f1f1ee8de7d7756c60295d6ebc0486317439983701","NPS","BAL","e571c88356b811ec4dc1d178b76a39a54c7ae6ebc10795b9fd0849a729280c1e",2022-02-09 15:15:26,2022-02-01,2022-02-06,"PM",0
"744","4","Belgium","Unknown",NA,"c7ee488de027cdf2c9c3f7f1f1ee8de7d7756c60295d6ebc0486317439983701","NPS","BAL","e571c88356b811ec4dc1d178b76a39a54c7ae6ebc10795b9fd0849a729280c1e",2022-02-09 15:15:26,2022-02-01,2022-02-06,"MH",0
"745","4","Belgium","Unknown",NA,"c7ee488de027cdf2c9c3f7f1f1ee8de7d7756c60295d6ebc0486317439983701","NPS","BAL","e571c88356b811ec4dc1d178b76a39a54c7ae6ebc10795b9fd0849a729280c1e",2022-02-09 15:15:26,2022-02-01,2022-02-06,"HS",0
"746","4","Belgium","Unknown",NA,"c7ee488de027cdf2c9c3f7f1f1ee8de7d7756c60295d6ebc0486317439983701","NPS","BAL","e571c88356b811ec4dc1d178b76a39a54c7ae6ebc10795b9fd0849a729280c1e",2022-02-09 15:15:26,2022-02-01,2022-02-06,"MB",1
"747","4","Belgium","Unknown",NA,"c7ee488de027cdf2c9c3f7f1f1ee8de7d7756c60295d6ebc0486317439983701","NPS","BAL","e571c88356b811ec4dc1d178b76a39a54c7ae6ebc10795b9fd0849a729280c1e",2022-02-09 15:15:26,2022-02-01,2022-02-06,"BRSV",0
"748","4","Belgium","Unknown",NA,"c7ee488de027cdf2c9c3f7f1f1ee8de7d7756c60295d6ebc0486317439983701","NPS","BAL","e571c88356b811ec4dc1d178b76a39a54c7ae6ebc10795b9fd0849a729280c1e",2022-02-09 15:15:26,2022-02-01,2022-02-06,"PI3",0
"749","4","Belgium","Unknown",NA,"c7ee488de027cdf2c9c3f7f1f1ee8de7d7756c60295d6ebc0486317439983701","NPS","BAL","e571c88356b811ec4dc1d178b76a39a54c7ae6ebc10795b9fd0849a729280c1e",2022-02-09 15:15:26,2022-02-01,2022-02-06,"BCV",1
"750","4","Belgium","Unknown",NA,"c7f3d40b7198444d41b82295cfce5f9eb721f69041e9d6c6262bbefbaea15f7f","NPS","BAL","c288691bf8994f80e618d9ad85b7ca0e78ab09f95979e8f7682b754f1c06c681",2022-07-12 14:22:06,2022-07-01,2022-07-10,"PM",0
"751","4","Belgium","Unknown",NA,"c7f3d40b7198444d41b82295cfce5f9eb721f69041e9d6c6262bbefbaea15f7f","NPS","BAL","c288691bf8994f80e618d9ad85b7ca0e78ab09f95979e8f7682b754f1c06c681",2022-07-12 14:22:06,2022-07-01,2022-07-10,"MH",0
"752","4","Belgium","Unknown",NA,"c7f3d40b7198444d41b82295cfce5f9eb721f69041e9d6c6262bbefbaea15f7f","NPS","BAL","c288691bf8994f80e618d9ad85b7ca0e78ab09f95979e8f7682b754f1c06c681",2022-07-12 14:22:06,2022-07-01,2022-07-10,"HS",0
"753","4","Belgium","Unknown",NA,"c7f3d40b7198444d41b82295cfce5f9eb721f69041e9d6c6262bbefbaea15f7f","NPS","BAL","c288691bf8994f80e618d9ad85b7ca0e78ab09f95979e8f7682b754f1c06c681",2022-07-12 14:22:06,2022-07-01,2022-07-10,"MB",0
"754","4","Belgium","Unknown",NA,"c7f3d40b7198444d41b82295cfce5f9eb721f69041e9d6c6262bbefbaea15f7f","NPS","BAL","c288691bf8994f80e618d9ad85b7ca0e78ab09f95979e8f7682b754f1c06c681",2022-07-12 14:22:06,2022-07-01,2022-07-10,"BRSV",0
"755","4","Belgium","Unknown",NA,"c7f3d40b7198444d41b82295cfce5f9eb721f69041e9d6c6262bbefbaea15f7f","NPS","BAL","c288691bf8994f80e618d9ad85b7ca0e78ab09f95979e8f7682b754f1c06c681",2022-07-12 14:22:06,2022-07-01,2022-07-10,"PI3",0
"756","4","Belgium","Unknown",NA,"c7f3d40b7198444d41b82295cfce5f9eb721f69041e9d6c6262bbefbaea15f7f","NPS","BAL","c288691bf8994f80e618d9ad85b7ca0e78ab09f95979e8f7682b754f1c06c681",2022-07-12 14:22:06,2022-07-01,2022-07-10,"BCV",0
"757","4","Belgium","Unknown",NA,"cc7d8d370b5de69b536934568aa49e903bbf99e886308a8c76120014a9698a4d","NPS","BAL","3eaabc8ccc9d875bee02a0123e09a1fbce8b172c862a924f01dc8fa83b198645",2021-10-25 08:39:07,2021-10-01,2021-10-24,"PM",0
"758","4","Belgium","Unknown",NA,"cc7d8d370b5de69b536934568aa49e903bbf99e886308a8c76120014a9698a4d","NPS","BAL","3eaabc8ccc9d875bee02a0123e09a1fbce8b172c862a924f01dc8fa83b198645",2021-10-25 08:39:07,2021-10-01,2021-10-24,"MH",0
"759","4","Belgium","Unknown",NA,"cc7d8d370b5de69b536934568aa49e903bbf99e886308a8c76120014a9698a4d","NPS","BAL","3eaabc8ccc9d875bee02a0123e09a1fbce8b172c862a924f01dc8fa83b198645",2021-10-25 08:39:07,2021-10-01,2021-10-24,"HS",0
"760","4","Belgium","Unknown",NA,"cc7d8d370b5de69b536934568aa49e903bbf99e886308a8c76120014a9698a4d","NPS","BAL","3eaabc8ccc9d875bee02a0123e09a1fbce8b172c862a924f01dc8fa83b198645",2021-10-25 08:39:07,2021-10-01,2021-10-24,"MB",0
"761","4","Belgium","Unknown",NA,"cc7d8d370b5de69b536934568aa49e903bbf99e886308a8c76120014a9698a4d","NPS","BAL","3eaabc8ccc9d875bee02a0123e09a1fbce8b172c862a924f01dc8fa83b198645",2021-10-25 08:39:07,2021-10-01,2021-10-24,"BRSV",0
"762","4","Belgium","Unknown",NA,"cc7d8d370b5de69b536934568aa49e903bbf99e886308a8c76120014a9698a4d","NPS","BAL","3eaabc8ccc9d875bee02a0123e09a1fbce8b172c862a924f01dc8fa83b198645",2021-10-25 08:39:07,2021-10-01,2021-10-24,"PI3",0
"763","4","Belgium","Unknown",NA,"cc7d8d370b5de69b536934568aa49e903bbf99e886308a8c76120014a9698a4d","NPS","BAL","3eaabc8ccc9d875bee02a0123e09a1fbce8b172c862a924f01dc8fa83b198645",2021-10-25 08:39:07,2021-10-01,2021-10-24,"BCV",0
"764","4","Belgium","Unknown",NA,"cf1881df6f1696c2e59b47fde80838e66a1dfad4f0e993fd686186333456b55d","NPS","BAL","ee932b02fc14995ab1085f9c686b916d3dd5d21361ca4c20923965257334991d",2020-11-05 15:56:40,2020-11-01,2020-11-01,"PM",0
"765","4","Belgium","Unknown",NA,"cf1881df6f1696c2e59b47fde80838e66a1dfad4f0e993fd686186333456b55d","NPS","BAL","ee932b02fc14995ab1085f9c686b916d3dd5d21361ca4c20923965257334991d",2020-11-05 15:56:40,2020-11-01,2020-11-01,"MH",0
"766","4","Belgium","Unknown",NA,"cf1881df6f1696c2e59b47fde80838e66a1dfad4f0e993fd686186333456b55d","NPS","BAL","ee932b02fc14995ab1085f9c686b916d3dd5d21361ca4c20923965257334991d",2020-11-05 15:56:40,2020-11-01,2020-11-01,"HS",0
"767","4","Belgium","Unknown",NA,"cf1881df6f1696c2e59b47fde80838e66a1dfad4f0e993fd686186333456b55d","NPS","BAL","ee932b02fc14995ab1085f9c686b916d3dd5d21361ca4c20923965257334991d",2020-11-05 15:56:40,2020-11-01,2020-11-01,"MB",0
"768","4","Belgium","Unknown",NA,"cf1881df6f1696c2e59b47fde80838e66a1dfad4f0e993fd686186333456b55d","NPS","BAL","ee932b02fc14995ab1085f9c686b916d3dd5d21361ca4c20923965257334991d",2020-11-05 15:56:40,2020-11-01,2020-11-01,"BRSV",0
"769","4","Belgium","Unknown",NA,"cf1881df6f1696c2e59b47fde80838e66a1dfad4f0e993fd686186333456b55d","NPS","BAL","ee932b02fc14995ab1085f9c686b916d3dd5d21361ca4c20923965257334991d",2020-11-05 15:56:40,2020-11-01,2020-11-01,"PI3",0
"770","4","Belgium","Unknown",NA,"cf1881df6f1696c2e59b47fde80838e66a1dfad4f0e993fd686186333456b55d","NPS","BAL","ee932b02fc14995ab1085f9c686b916d3dd5d21361ca4c20923965257334991d",2020-11-05 15:56:40,2020-11-01,2020-11-01,"BCV",0
"771","4","Belgium","Unknown",NA,"d1a08ae1268b2fc1248ace198c3518a73d86ea765ff93d964a6182b4c32d80c3","NPS","BAL","8fe57443675ecebfd10fcfecc3988ba43354c57c9ce5cb5c1b023db02b61a419",2021-04-13 20:06:08,2021-04-01,2021-04-11,"PM",0
"772","4","Belgium","Unknown",NA,"d1a08ae1268b2fc1248ace198c3518a73d86ea765ff93d964a6182b4c32d80c3","NPS","BAL","8fe57443675ecebfd10fcfecc3988ba43354c57c9ce5cb5c1b023db02b61a419",2021-04-13 20:06:08,2021-04-01,2021-04-11,"MH",0
"773","4","Belgium","Unknown",NA,"d1a08ae1268b2fc1248ace198c3518a73d86ea765ff93d964a6182b4c32d80c3","NPS","BAL","8fe57443675ecebfd10fcfecc3988ba43354c57c9ce5cb5c1b023db02b61a419",2021-04-13 20:06:08,2021-04-01,2021-04-11,"HS",0
"774","4","Belgium","Unknown",NA,"d1a08ae1268b2fc1248ace198c3518a73d86ea765ff93d964a6182b4c32d80c3","NPS","BAL","8fe57443675ecebfd10fcfecc3988ba43354c57c9ce5cb5c1b023db02b61a419",2021-04-13 20:06:08,2021-04-01,2021-04-11,"MB",1
"775","4","Belgium","Unknown",NA,"d1a08ae1268b2fc1248ace198c3518a73d86ea765ff93d964a6182b4c32d80c3","NPS","BAL","8fe57443675ecebfd10fcfecc3988ba43354c57c9ce5cb5c1b023db02b61a419",2021-04-13 20:06:08,2021-04-01,2021-04-11,"BRSV",1
"776","4","Belgium","Unknown",NA,"d1a08ae1268b2fc1248ace198c3518a73d86ea765ff93d964a6182b4c32d80c3","NPS","BAL","8fe57443675ecebfd10fcfecc3988ba43354c57c9ce5cb5c1b023db02b61a419",2021-04-13 20:06:08,2021-04-01,2021-04-11,"PI3",0
"777","4","Belgium","Unknown",NA,"d1a08ae1268b2fc1248ace198c3518a73d86ea765ff93d964a6182b4c32d80c3","NPS","BAL","8fe57443675ecebfd10fcfecc3988ba43354c57c9ce5cb5c1b023db02b61a419",2021-04-13 20:06:08,2021-04-01,2021-04-11,"BCV",0
"778","4","Belgium","Unknown",NA,"d2d8f9273e06e9e9c574d1681d0c664bb92716dc71883c051256b2cda975e757","NPS","BAL","d4192f06768ab0f257c7f5e17ad021b075b995d4a186754a2ca3194ac77df31a",2021-06-08 14:39:47,2021-06-01,2021-06-06,"PM",1
"779","4","Belgium","Unknown",NA,"d2d8f9273e06e9e9c574d1681d0c664bb92716dc71883c051256b2cda975e757","NPS","BAL","d4192f06768ab0f257c7f5e17ad021b075b995d4a186754a2ca3194ac77df31a",2021-06-08 14:39:47,2021-06-01,2021-06-06,"MH",0
"780","4","Belgium","Unknown",NA,"d2d8f9273e06e9e9c574d1681d0c664bb92716dc71883c051256b2cda975e757","NPS","BAL","d4192f06768ab0f257c7f5e17ad021b075b995d4a186754a2ca3194ac77df31a",2021-06-08 14:39:47,2021-06-01,2021-06-06,"HS",0
"781","4","Belgium","Unknown",NA,"d2d8f9273e06e9e9c574d1681d0c664bb92716dc71883c051256b2cda975e757","NPS","BAL","d4192f06768ab0f257c7f5e17ad021b075b995d4a186754a2ca3194ac77df31a",2021-06-08 14:39:47,2021-06-01,2021-06-06,"MB",1
"782","4","Belgium","Unknown",NA,"d2d8f9273e06e9e9c574d1681d0c664bb92716dc71883c051256b2cda975e757","NPS","BAL","d4192f06768ab0f257c7f5e17ad021b075b995d4a186754a2ca3194ac77df31a",2021-06-08 14:39:47,2021-06-01,2021-06-06,"BRSV",0
"783","4","Belgium","Unknown",NA,"d2d8f9273e06e9e9c574d1681d0c664bb92716dc71883c051256b2cda975e757","NPS","BAL","d4192f06768ab0f257c7f5e17ad021b075b995d4a186754a2ca3194ac77df31a",2021-06-08 14:39:47,2021-06-01,2021-06-06,"PI3",0
"784","4","Belgium","Unknown",NA,"d2d8f9273e06e9e9c574d1681d0c664bb92716dc71883c051256b2cda975e757","NPS","BAL","d4192f06768ab0f257c7f5e17ad021b075b995d4a186754a2ca3194ac77df31a",2021-06-08 14:39:47,2021-06-01,2021-06-06,"BCV",0
"785","4","Belgium","Unknown",NA,"d663eacf96884a69dc0db85e1544feac4a4fc447d838b0e3750b238e12896a83","NPS","BAL","0c75245a12928aeaa65cb7622a025764509f12337b15a01a590820d72e2f5264",2021-11-16 12:01:00,2021-11-01,2021-11-14,"PM",0
"786","4","Belgium","Unknown",NA,"d663eacf96884a69dc0db85e1544feac4a4fc447d838b0e3750b238e12896a83","NPS","BAL","0c75245a12928aeaa65cb7622a025764509f12337b15a01a590820d72e2f5264",2021-11-16 12:01:00,2021-11-01,2021-11-14,"MH",0
"787","4","Belgium","Unknown",NA,"d663eacf96884a69dc0db85e1544feac4a4fc447d838b0e3750b238e12896a83","NPS","BAL","0c75245a12928aeaa65cb7622a025764509f12337b15a01a590820d72e2f5264",2021-11-16 12:01:00,2021-11-01,2021-11-14,"HS",0
"788","4","Belgium","Unknown",NA,"d663eacf96884a69dc0db85e1544feac4a4fc447d838b0e3750b238e12896a83","NPS","BAL","0c75245a12928aeaa65cb7622a025764509f12337b15a01a590820d72e2f5264",2021-11-16 12:01:00,2021-11-01,2021-11-14,"MB",0
"789","4","Belgium","Unknown",NA,"d663eacf96884a69dc0db85e1544feac4a4fc447d838b0e3750b238e12896a83","NPS","BAL","0c75245a12928aeaa65cb7622a025764509f12337b15a01a590820d72e2f5264",2021-11-16 12:01:00,2021-11-01,2021-11-14,"BRSV",0
"790","4","Belgium","Unknown",NA,"d663eacf96884a69dc0db85e1544feac4a4fc447d838b0e3750b238e12896a83","NPS","BAL","0c75245a12928aeaa65cb7622a025764509f12337b15a01a590820d72e2f5264",2021-11-16 12:01:00,2021-11-01,2021-11-14,"PI3",0
"791","4","Belgium","Unknown",NA,"d663eacf96884a69dc0db85e1544feac4a4fc447d838b0e3750b238e12896a83","NPS","BAL","0c75245a12928aeaa65cb7622a025764509f12337b15a01a590820d72e2f5264",2021-11-16 12:01:00,2021-11-01,2021-11-14,"BCV",0
"792","4","Belgium","Unknown",NA,"d663eacf96884a69dc0db85e1544feac4a4fc447d838b0e3750b238e12896a83","NPS","BAL","74e06e9fbf9e88254ac47ed99bad31b06eb331c2dead308f74236d88f3041c0f",2021-11-16 12:01:00,2021-11-01,2021-11-14,"PM",0
"793","4","Belgium","Unknown",NA,"d663eacf96884a69dc0db85e1544feac4a4fc447d838b0e3750b238e12896a83","NPS","BAL","74e06e9fbf9e88254ac47ed99bad31b06eb331c2dead308f74236d88f3041c0f",2021-11-16 12:01:00,2021-11-01,2021-11-14,"MH",0
"794","4","Belgium","Unknown",NA,"d663eacf96884a69dc0db85e1544feac4a4fc447d838b0e3750b238e12896a83","NPS","BAL","74e06e9fbf9e88254ac47ed99bad31b06eb331c2dead308f74236d88f3041c0f",2021-11-16 12:01:00,2021-11-01,2021-11-14,"HS",0
"795","4","Belgium","Unknown",NA,"d663eacf96884a69dc0db85e1544feac4a4fc447d838b0e3750b238e12896a83","NPS","BAL","74e06e9fbf9e88254ac47ed99bad31b06eb331c2dead308f74236d88f3041c0f",2021-11-16 12:01:00,2021-11-01,2021-11-14,"MB",0
"796","4","Belgium","Unknown",NA,"d663eacf96884a69dc0db85e1544feac4a4fc447d838b0e3750b238e12896a83","NPS","BAL","74e06e9fbf9e88254ac47ed99bad31b06eb331c2dead308f74236d88f3041c0f",2021-11-16 12:01:00,2021-11-01,2021-11-14,"BRSV",0
"797","4","Belgium","Unknown",NA,"d663eacf96884a69dc0db85e1544feac4a4fc447d838b0e3750b238e12896a83","NPS","BAL","74e06e9fbf9e88254ac47ed99bad31b06eb331c2dead308f74236d88f3041c0f",2021-11-16 12:01:00,2021-11-01,2021-11-14,"PI3",0
"798","4","Belgium","Unknown",NA,"d663eacf96884a69dc0db85e1544feac4a4fc447d838b0e3750b238e12896a83","NPS","BAL","74e06e9fbf9e88254ac47ed99bad31b06eb331c2dead308f74236d88f3041c0f",2021-11-16 12:01:00,2021-11-01,2021-11-14,"BCV",0
"799","4","Belgium","Unknown",NA,"d663eacf96884a69dc0db85e1544feac4a4fc447d838b0e3750b238e12896a83","NPS","BAL","88ca90719c4880e9c960a66e0c66bfe6814594e7ea4498711acd13e1bbe410d9",2021-11-16 12:01:00,2021-11-01,2021-11-14,"PM",0
"800","4","Belgium","Unknown",NA,"d663eacf96884a69dc0db85e1544feac4a4fc447d838b0e3750b238e12896a83","NPS","BAL","88ca90719c4880e9c960a66e0c66bfe6814594e7ea4498711acd13e1bbe410d9",2021-11-16 12:01:00,2021-11-01,2021-11-14,"MH",0
"801","4","Belgium","Unknown",NA,"d663eacf96884a69dc0db85e1544feac4a4fc447d838b0e3750b238e12896a83","NPS","BAL","88ca90719c4880e9c960a66e0c66bfe6814594e7ea4498711acd13e1bbe410d9",2021-11-16 12:01:00,2021-11-01,2021-11-14,"HS",0
"802","4","Belgium","Unknown",NA,"d663eacf96884a69dc0db85e1544feac4a4fc447d838b0e3750b238e12896a83","NPS","BAL","88ca90719c4880e9c960a66e0c66bfe6814594e7ea4498711acd13e1bbe410d9",2021-11-16 12:01:00,2021-11-01,2021-11-14,"MB",0
"803","4","Belgium","Unknown",NA,"d663eacf96884a69dc0db85e1544feac4a4fc447d838b0e3750b238e12896a83","NPS","BAL","88ca90719c4880e9c960a66e0c66bfe6814594e7ea4498711acd13e1bbe410d9",2021-11-16 12:01:00,2021-11-01,2021-11-14,"BRSV",0
"804","4","Belgium","Unknown",NA,"d663eacf96884a69dc0db85e1544feac4a4fc447d838b0e3750b238e12896a83","NPS","BAL","88ca90719c4880e9c960a66e0c66bfe6814594e7ea4498711acd13e1bbe410d9",2021-11-16 12:01:00,2021-11-01,2021-11-14,"PI3",0
"805","4","Belgium","Unknown",NA,"d663eacf96884a69dc0db85e1544feac4a4fc447d838b0e3750b238e12896a83","NPS","BAL","88ca90719c4880e9c960a66e0c66bfe6814594e7ea4498711acd13e1bbe410d9",2021-11-16 12:01:00,2021-11-01,2021-11-14,"BCV",0
"806","4","Belgium","Unknown",NA,"d663eacf96884a69dc0db85e1544feac4a4fc447d838b0e3750b238e12896a83","NPS","BAL","eba734ce76964fa6ea667a744ae4e3aa193ea37a47ca14668c7e89f5f5be0a95",2021-11-16 12:01:00,2021-11-01,2021-11-14,"PM",0
"807","4","Belgium","Unknown",NA,"d663eacf96884a69dc0db85e1544feac4a4fc447d838b0e3750b238e12896a83","NPS","BAL","eba734ce76964fa6ea667a744ae4e3aa193ea37a47ca14668c7e89f5f5be0a95",2021-11-16 12:01:00,2021-11-01,2021-11-14,"MH",0
"808","4","Belgium","Unknown",NA,"d663eacf96884a69dc0db85e1544feac4a4fc447d838b0e3750b238e12896a83","NPS","BAL","eba734ce76964fa6ea667a744ae4e3aa193ea37a47ca14668c7e89f5f5be0a95",2021-11-16 12:01:00,2021-11-01,2021-11-14,"HS",0
"809","4","Belgium","Unknown",NA,"d663eacf96884a69dc0db85e1544feac4a4fc447d838b0e3750b238e12896a83","NPS","BAL","eba734ce76964fa6ea667a744ae4e3aa193ea37a47ca14668c7e89f5f5be0a95",2021-11-16 12:01:00,2021-11-01,2021-11-14,"MB",0
"810","4","Belgium","Unknown",NA,"d663eacf96884a69dc0db85e1544feac4a4fc447d838b0e3750b238e12896a83","NPS","BAL","eba734ce76964fa6ea667a744ae4e3aa193ea37a47ca14668c7e89f5f5be0a95",2021-11-16 12:01:00,2021-11-01,2021-11-14,"BRSV",0
"811","4","Belgium","Unknown",NA,"d663eacf96884a69dc0db85e1544feac4a4fc447d838b0e3750b238e12896a83","NPS","BAL","eba734ce76964fa6ea667a744ae4e3aa193ea37a47ca14668c7e89f5f5be0a95",2021-11-16 12:01:00,2021-11-01,2021-11-14,"PI3",0
"812","4","Belgium","Unknown",NA,"d663eacf96884a69dc0db85e1544feac4a4fc447d838b0e3750b238e12896a83","NPS","BAL","eba734ce76964fa6ea667a744ae4e3aa193ea37a47ca14668c7e89f5f5be0a95",2021-11-16 12:01:00,2021-11-01,2021-11-14,"BCV",0
"813","4","Belgium","Unknown",NA,"dc4bc886825c446e6ae02d4d0c6a8787af0395079effcc3afc0f8bdc40cbd161","NPS","BAL","a991b89eed28e85e1a7238873f922290111049668c680a68ee15201a611219b3",2021-01-25 13:58:50,2021-01-01,2021-01-24,"PM",0
"814","4","Belgium","Unknown",NA,"dc4bc886825c446e6ae02d4d0c6a8787af0395079effcc3afc0f8bdc40cbd161","NPS","BAL","a991b89eed28e85e1a7238873f922290111049668c680a68ee15201a611219b3",2021-01-25 13:58:50,2021-01-01,2021-01-24,"MH",0
"815","4","Belgium","Unknown",NA,"dc4bc886825c446e6ae02d4d0c6a8787af0395079effcc3afc0f8bdc40cbd161","NPS","BAL","a991b89eed28e85e1a7238873f922290111049668c680a68ee15201a611219b3",2021-01-25 13:58:50,2021-01-01,2021-01-24,"HS",0
"816","4","Belgium","Unknown",NA,"dc4bc886825c446e6ae02d4d0c6a8787af0395079effcc3afc0f8bdc40cbd161","NPS","BAL","a991b89eed28e85e1a7238873f922290111049668c680a68ee15201a611219b3",2021-01-25 13:58:50,2021-01-01,2021-01-24,"MB",1
"817","4","Belgium","Unknown",NA,"dc4bc886825c446e6ae02d4d0c6a8787af0395079effcc3afc0f8bdc40cbd161","NPS","BAL","a991b89eed28e85e1a7238873f922290111049668c680a68ee15201a611219b3",2021-01-25 13:58:50,2021-01-01,2021-01-24,"BRSV",1
"818","4","Belgium","Unknown",NA,"dc4bc886825c446e6ae02d4d0c6a8787af0395079effcc3afc0f8bdc40cbd161","NPS","BAL","a991b89eed28e85e1a7238873f922290111049668c680a68ee15201a611219b3",2021-01-25 13:58:50,2021-01-01,2021-01-24,"PI3",0
"819","4","Belgium","Unknown",NA,"dc4bc886825c446e6ae02d4d0c6a8787af0395079effcc3afc0f8bdc40cbd161","NPS","BAL","a991b89eed28e85e1a7238873f922290111049668c680a68ee15201a611219b3",2021-01-25 13:58:50,2021-01-01,2021-01-24,"BCV",0
"820","4","Belgium","Unknown",NA,"de74413100cf58e0bba86d129818212e044ae3e37e77989469b5ee8f4c4b612b","NPS","BAL","100e667d1f4c2509d4c83a29f718c423f492e834ad2b3b4e1d98b5efa918b677",2021-03-05 07:08:48,2021-03-01,2021-02-28,"PM",0
"821","4","Belgium","Unknown",NA,"de74413100cf58e0bba86d129818212e044ae3e37e77989469b5ee8f4c4b612b","NPS","BAL","100e667d1f4c2509d4c83a29f718c423f492e834ad2b3b4e1d98b5efa918b677",2021-03-05 07:08:48,2021-03-01,2021-02-28,"MH",0
"822","4","Belgium","Unknown",NA,"de74413100cf58e0bba86d129818212e044ae3e37e77989469b5ee8f4c4b612b","NPS","BAL","100e667d1f4c2509d4c83a29f718c423f492e834ad2b3b4e1d98b5efa918b677",2021-03-05 07:08:48,2021-03-01,2021-02-28,"HS",0
"823","4","Belgium","Unknown",NA,"de74413100cf58e0bba86d129818212e044ae3e37e77989469b5ee8f4c4b612b","NPS","BAL","100e667d1f4c2509d4c83a29f718c423f492e834ad2b3b4e1d98b5efa918b677",2021-03-05 07:08:48,2021-03-01,2021-02-28,"MB",0
"824","4","Belgium","Unknown",NA,"de74413100cf58e0bba86d129818212e044ae3e37e77989469b5ee8f4c4b612b","NPS","BAL","100e667d1f4c2509d4c83a29f718c423f492e834ad2b3b4e1d98b5efa918b677",2021-03-05 07:08:48,2021-03-01,2021-02-28,"BRSV",0
"825","4","Belgium","Unknown",NA,"de74413100cf58e0bba86d129818212e044ae3e37e77989469b5ee8f4c4b612b","NPS","BAL","100e667d1f4c2509d4c83a29f718c423f492e834ad2b3b4e1d98b5efa918b677",2021-03-05 07:08:48,2021-03-01,2021-02-28,"PI3",0
"826","4","Belgium","Unknown",NA,"de74413100cf58e0bba86d129818212e044ae3e37e77989469b5ee8f4c4b612b","NPS","BAL","100e667d1f4c2509d4c83a29f718c423f492e834ad2b3b4e1d98b5efa918b677",2021-03-05 07:08:48,2021-03-01,2021-02-28,"BCV",0
"827","4","Belgium","Unknown",NA,"e0a612f22ea3eab140c8dad3e562962511cdbb451bfedd8e4fdb91709c3b2150","NPS","BAL","35b6af913d6880287caebb21dfe3a26ac6fc36cbf3c104b96c5be6fd01422b0e",2021-11-08 08:28:32,2021-11-01,2021-11-07,"PM",0
"828","4","Belgium","Unknown",NA,"e0a612f22ea3eab140c8dad3e562962511cdbb451bfedd8e4fdb91709c3b2150","NPS","BAL","35b6af913d6880287caebb21dfe3a26ac6fc36cbf3c104b96c5be6fd01422b0e",2021-11-08 08:28:32,2021-11-01,2021-11-07,"MH",0
"829","4","Belgium","Unknown",NA,"e0a612f22ea3eab140c8dad3e562962511cdbb451bfedd8e4fdb91709c3b2150","NPS","BAL","35b6af913d6880287caebb21dfe3a26ac6fc36cbf3c104b96c5be6fd01422b0e",2021-11-08 08:28:32,2021-11-01,2021-11-07,"HS",0
"830","4","Belgium","Unknown",NA,"e0a612f22ea3eab140c8dad3e562962511cdbb451bfedd8e4fdb91709c3b2150","NPS","BAL","35b6af913d6880287caebb21dfe3a26ac6fc36cbf3c104b96c5be6fd01422b0e",2021-11-08 08:28:32,2021-11-01,2021-11-07,"MB",0
"831","4","Belgium","Unknown",NA,"e0a612f22ea3eab140c8dad3e562962511cdbb451bfedd8e4fdb91709c3b2150","NPS","BAL","35b6af913d6880287caebb21dfe3a26ac6fc36cbf3c104b96c5be6fd01422b0e",2021-11-08 08:28:32,2021-11-01,2021-11-07,"BRSV",0
"832","4","Belgium","Unknown",NA,"e0a612f22ea3eab140c8dad3e562962511cdbb451bfedd8e4fdb91709c3b2150","NPS","BAL","35b6af913d6880287caebb21dfe3a26ac6fc36cbf3c104b96c5be6fd01422b0e",2021-11-08 08:28:32,2021-11-01,2021-11-07,"PI3",0
"833","4","Belgium","Unknown",NA,"e0a612f22ea3eab140c8dad3e562962511cdbb451bfedd8e4fdb91709c3b2150","NPS","BAL","35b6af913d6880287caebb21dfe3a26ac6fc36cbf3c104b96c5be6fd01422b0e",2021-11-08 08:28:32,2021-11-01,2021-11-07,"BCV",0
"834","4","Belgium","Unknown",NA,"e2955c25a15d5d1ab6716b31c4408d81f40e98ca29376adf4c918fc73380562f","NPS","BAL","716f129dc3414142805c606e71e6f3e08227b428f0b87fe386f8ec95d65f2201",2021-11-04 09:17:08,2021-11-01,2021-10-31,"PM",1
"835","4","Belgium","Unknown",NA,"e2955c25a15d5d1ab6716b31c4408d81f40e98ca29376adf4c918fc73380562f","NPS","BAL","716f129dc3414142805c606e71e6f3e08227b428f0b87fe386f8ec95d65f2201",2021-11-04 09:17:08,2021-11-01,2021-10-31,"MH",0
"836","4","Belgium","Unknown",NA,"e2955c25a15d5d1ab6716b31c4408d81f40e98ca29376adf4c918fc73380562f","NPS","BAL","716f129dc3414142805c606e71e6f3e08227b428f0b87fe386f8ec95d65f2201",2021-11-04 09:17:08,2021-11-01,2021-10-31,"HS",0
"837","4","Belgium","Unknown",NA,"e2955c25a15d5d1ab6716b31c4408d81f40e98ca29376adf4c918fc73380562f","NPS","BAL","716f129dc3414142805c606e71e6f3e08227b428f0b87fe386f8ec95d65f2201",2021-11-04 09:17:08,2021-11-01,2021-10-31,"MB",0
"838","4","Belgium","Unknown",NA,"e2955c25a15d5d1ab6716b31c4408d81f40e98ca29376adf4c918fc73380562f","NPS","BAL","716f129dc3414142805c606e71e6f3e08227b428f0b87fe386f8ec95d65f2201",2021-11-04 09:17:08,2021-11-01,2021-10-31,"BRSV",0
"839","4","Belgium","Unknown",NA,"e2955c25a15d5d1ab6716b31c4408d81f40e98ca29376adf4c918fc73380562f","NPS","BAL","716f129dc3414142805c606e71e6f3e08227b428f0b87fe386f8ec95d65f2201",2021-11-04 09:17:08,2021-11-01,2021-10-31,"PI3",0
"840","4","Belgium","Unknown",NA,"e2955c25a15d5d1ab6716b31c4408d81f40e98ca29376adf4c918fc73380562f","NPS","BAL","716f129dc3414142805c606e71e6f3e08227b428f0b87fe386f8ec95d65f2201",2021-11-04 09:17:08,2021-11-01,2021-10-31,"BCV",1
"841","4","Belgium","Unknown",NA,"e2955c25a15d5d1ab6716b31c4408d81f40e98ca29376adf4c918fc73380562f","NPS","BAL","a818957b3a1f9857b721ff8ff9127e971302607b483b24a8d7b82ca8c2edff35",2021-11-04 09:17:08,2021-11-01,2021-10-31,"PM",0
"842","4","Belgium","Unknown",NA,"e2955c25a15d5d1ab6716b31c4408d81f40e98ca29376adf4c918fc73380562f","NPS","BAL","a818957b3a1f9857b721ff8ff9127e971302607b483b24a8d7b82ca8c2edff35",2021-11-04 09:17:08,2021-11-01,2021-10-31,"MH",0
"843","4","Belgium","Unknown",NA,"e2955c25a15d5d1ab6716b31c4408d81f40e98ca29376adf4c918fc73380562f","NPS","BAL","a818957b3a1f9857b721ff8ff9127e971302607b483b24a8d7b82ca8c2edff35",2021-11-04 09:17:08,2021-11-01,2021-10-31,"HS",0
"844","4","Belgium","Unknown",NA,"e2955c25a15d5d1ab6716b31c4408d81f40e98ca29376adf4c918fc73380562f","NPS","BAL","a818957b3a1f9857b721ff8ff9127e971302607b483b24a8d7b82ca8c2edff35",2021-11-04 09:17:08,2021-11-01,2021-10-31,"MB",0
"845","4","Belgium","Unknown",NA,"e2955c25a15d5d1ab6716b31c4408d81f40e98ca29376adf4c918fc73380562f","NPS","BAL","a818957b3a1f9857b721ff8ff9127e971302607b483b24a8d7b82ca8c2edff35",2021-11-04 09:17:08,2021-11-01,2021-10-31,"BRSV",0
"846","4","Belgium","Unknown",NA,"e2955c25a15d5d1ab6716b31c4408d81f40e98ca29376adf4c918fc73380562f","NPS","BAL","a818957b3a1f9857b721ff8ff9127e971302607b483b24a8d7b82ca8c2edff35",2021-11-04 09:17:08,2021-11-01,2021-10-31,"PI3",0
"847","4","Belgium","Unknown",NA,"e2955c25a15d5d1ab6716b31c4408d81f40e98ca29376adf4c918fc73380562f","NPS","BAL","a818957b3a1f9857b721ff8ff9127e971302607b483b24a8d7b82ca8c2edff35",2021-11-04 09:17:08,2021-11-01,2021-10-31,"BCV",1
"848","4","Belgium","Unknown",NA,"e2955c25a15d5d1ab6716b31c4408d81f40e98ca29376adf4c918fc73380562f","NPS","BAL","cd5f8e6d9cb5602345df46eb31053d5ad8a6840261344f832b9152378cff5054",2021-11-04 09:17:08,2021-11-01,2021-10-31,"PM",0
"849","4","Belgium","Unknown",NA,"e2955c25a15d5d1ab6716b31c4408d81f40e98ca29376adf4c918fc73380562f","NPS","BAL","cd5f8e6d9cb5602345df46eb31053d5ad8a6840261344f832b9152378cff5054",2021-11-04 09:17:08,2021-11-01,2021-10-31,"MH",0
"850","4","Belgium","Unknown",NA,"e2955c25a15d5d1ab6716b31c4408d81f40e98ca29376adf4c918fc73380562f","NPS","BAL","cd5f8e6d9cb5602345df46eb31053d5ad8a6840261344f832b9152378cff5054",2021-11-04 09:17:08,2021-11-01,2021-10-31,"HS",0
"851","4","Belgium","Unknown",NA,"e2955c25a15d5d1ab6716b31c4408d81f40e98ca29376adf4c918fc73380562f","NPS","BAL","cd5f8e6d9cb5602345df46eb31053d5ad8a6840261344f832b9152378cff5054",2021-11-04 09:17:08,2021-11-01,2021-10-31,"MB",0
"852","4","Belgium","Unknown",NA,"e2955c25a15d5d1ab6716b31c4408d81f40e98ca29376adf4c918fc73380562f","NPS","BAL","cd5f8e6d9cb5602345df46eb31053d5ad8a6840261344f832b9152378cff5054",2021-11-04 09:17:08,2021-11-01,2021-10-31,"BRSV",0
"853","4","Belgium","Unknown",NA,"e2955c25a15d5d1ab6716b31c4408d81f40e98ca29376adf4c918fc73380562f","NPS","BAL","cd5f8e6d9cb5602345df46eb31053d5ad8a6840261344f832b9152378cff5054",2021-11-04 09:17:08,2021-11-01,2021-10-31,"PI3",0
"854","4","Belgium","Unknown",NA,"e2955c25a15d5d1ab6716b31c4408d81f40e98ca29376adf4c918fc73380562f","NPS","BAL","cd5f8e6d9cb5602345df46eb31053d5ad8a6840261344f832b9152378cff5054",2021-11-04 09:17:08,2021-11-01,2021-10-31,"BCV",1
"855","4","Belgium","Unknown",NA,"e2955c25a15d5d1ab6716b31c4408d81f40e98ca29376adf4c918fc73380562f","NPS","BAL","f7db83a2cd7383d00e444c47bb3d95544dc82127f0665dc0fd57f25e0aab139e",2021-11-04 09:17:08,2021-11-01,2021-10-31,"PM",0
"856","4","Belgium","Unknown",NA,"e2955c25a15d5d1ab6716b31c4408d81f40e98ca29376adf4c918fc73380562f","NPS","BAL","f7db83a2cd7383d00e444c47bb3d95544dc82127f0665dc0fd57f25e0aab139e",2021-11-04 09:17:08,2021-11-01,2021-10-31,"MH",0
"857","4","Belgium","Unknown",NA,"e2955c25a15d5d1ab6716b31c4408d81f40e98ca29376adf4c918fc73380562f","NPS","BAL","f7db83a2cd7383d00e444c47bb3d95544dc82127f0665dc0fd57f25e0aab139e",2021-11-04 09:17:08,2021-11-01,2021-10-31,"HS",0
"858","4","Belgium","Unknown",NA,"e2955c25a15d5d1ab6716b31c4408d81f40e98ca29376adf4c918fc73380562f","NPS","BAL","f7db83a2cd7383d00e444c47bb3d95544dc82127f0665dc0fd57f25e0aab139e",2021-11-04 09:17:08,2021-11-01,2021-10-31,"MB",0
"859","4","Belgium","Unknown",NA,"e2955c25a15d5d1ab6716b31c4408d81f40e98ca29376adf4c918fc73380562f","NPS","BAL","f7db83a2cd7383d00e444c47bb3d95544dc82127f0665dc0fd57f25e0aab139e",2021-11-04 09:17:08,2021-11-01,2021-10-31,"BRSV",0
"860","4","Belgium","Unknown",NA,"e2955c25a15d5d1ab6716b31c4408d81f40e98ca29376adf4c918fc73380562f","NPS","BAL","f7db83a2cd7383d00e444c47bb3d95544dc82127f0665dc0fd57f25e0aab139e",2021-11-04 09:17:08,2021-11-01,2021-10-31,"PI3",0
"861","4","Belgium","Unknown",NA,"e2955c25a15d5d1ab6716b31c4408d81f40e98ca29376adf4c918fc73380562f","NPS","BAL","f7db83a2cd7383d00e444c47bb3d95544dc82127f0665dc0fd57f25e0aab139e",2021-11-04 09:17:08,2021-11-01,2021-10-31,"BCV",1
"862","4","Belgium","Unknown",NA,"e3258a34514b7d09da9f53689ab5b866c4277b4ec62cdabab68494af60063855","NPS","BAL","bb08e6dbeccef5f7e04c0f8779d74b52e1122176a5e8bda3d4f05a47e6127764",2021-04-01 14:11:41,2021-04-01,2021-03-28,"PM",1
"863","4","Belgium","Unknown",NA,"e3258a34514b7d09da9f53689ab5b866c4277b4ec62cdabab68494af60063855","NPS","BAL","bb08e6dbeccef5f7e04c0f8779d74b52e1122176a5e8bda3d4f05a47e6127764",2021-04-01 14:11:41,2021-04-01,2021-03-28,"MH",0
"864","4","Belgium","Unknown",NA,"e3258a34514b7d09da9f53689ab5b866c4277b4ec62cdabab68494af60063855","NPS","BAL","bb08e6dbeccef5f7e04c0f8779d74b52e1122176a5e8bda3d4f05a47e6127764",2021-04-01 14:11:41,2021-04-01,2021-03-28,"HS",0
"865","4","Belgium","Unknown",NA,"e3258a34514b7d09da9f53689ab5b866c4277b4ec62cdabab68494af60063855","NPS","BAL","bb08e6dbeccef5f7e04c0f8779d74b52e1122176a5e8bda3d4f05a47e6127764",2021-04-01 14:11:41,2021-04-01,2021-03-28,"MB",1
"866","4","Belgium","Unknown",NA,"e3258a34514b7d09da9f53689ab5b866c4277b4ec62cdabab68494af60063855","NPS","BAL","bb08e6dbeccef5f7e04c0f8779d74b52e1122176a5e8bda3d4f05a47e6127764",2021-04-01 14:11:41,2021-04-01,2021-03-28,"BRSV",0
"867","4","Belgium","Unknown",NA,"e3258a34514b7d09da9f53689ab5b866c4277b4ec62cdabab68494af60063855","NPS","BAL","bb08e6dbeccef5f7e04c0f8779d74b52e1122176a5e8bda3d4f05a47e6127764",2021-04-01 14:11:41,2021-04-01,2021-03-28,"PI3",0
"868","4","Belgium","Unknown",NA,"e3258a34514b7d09da9f53689ab5b866c4277b4ec62cdabab68494af60063855","NPS","BAL","bb08e6dbeccef5f7e04c0f8779d74b52e1122176a5e8bda3d4f05a47e6127764",2021-04-01 14:11:41,2021-04-01,2021-03-28,"BCV",1
"869","4","Belgium","Unknown",NA,"e382442948752cefb2a6f907252646ce3761257a26a95071c5e801423255a6dc","NPS","BAL","17e34f6c328700a4e9b35f5f1ac5eaafddd3db074d47bcd4d345e0acaf233781",2022-01-28 16:07:10,2022-01-01,2022-01-23,"PM",0
"870","4","Belgium","Unknown",NA,"e382442948752cefb2a6f907252646ce3761257a26a95071c5e801423255a6dc","NPS","BAL","17e34f6c328700a4e9b35f5f1ac5eaafddd3db074d47bcd4d345e0acaf233781",2022-01-28 16:07:10,2022-01-01,2022-01-23,"MH",0
"871","4","Belgium","Unknown",NA,"e382442948752cefb2a6f907252646ce3761257a26a95071c5e801423255a6dc","NPS","BAL","17e34f6c328700a4e9b35f5f1ac5eaafddd3db074d47bcd4d345e0acaf233781",2022-01-28 16:07:10,2022-01-01,2022-01-23,"HS",0
"872","4","Belgium","Unknown",NA,"e382442948752cefb2a6f907252646ce3761257a26a95071c5e801423255a6dc","NPS","BAL","17e34f6c328700a4e9b35f5f1ac5eaafddd3db074d47bcd4d345e0acaf233781",2022-01-28 16:07:10,2022-01-01,2022-01-23,"MB",0
"873","4","Belgium","Unknown",NA,"e382442948752cefb2a6f907252646ce3761257a26a95071c5e801423255a6dc","NPS","BAL","17e34f6c328700a4e9b35f5f1ac5eaafddd3db074d47bcd4d345e0acaf233781",2022-01-28 16:07:10,2022-01-01,2022-01-23,"BRSV",0
"874","4","Belgium","Unknown",NA,"e382442948752cefb2a6f907252646ce3761257a26a95071c5e801423255a6dc","NPS","BAL","17e34f6c328700a4e9b35f5f1ac5eaafddd3db074d47bcd4d345e0acaf233781",2022-01-28 16:07:10,2022-01-01,2022-01-23,"PI3",0
"875","4","Belgium","Unknown",NA,"e382442948752cefb2a6f907252646ce3761257a26a95071c5e801423255a6dc","NPS","BAL","17e34f6c328700a4e9b35f5f1ac5eaafddd3db074d47bcd4d345e0acaf233781",2022-01-28 16:07:10,2022-01-01,2022-01-23,"BCV",0
"876","4","Belgium","Unknown",NA,"e4f58984a4bdfc401ae4348bf08f3fe4fa36e8be69e00e327ee7cb8950878986","NPS","BAL","8acc02dd9cad744e6184599f09df85a876e507635d59dc63cbb7c368c7c651e4",2022-03-01 14:57:12,2022-03-01,2022-02-27,"PM",0
"877","4","Belgium","Unknown",NA,"e4f58984a4bdfc401ae4348bf08f3fe4fa36e8be69e00e327ee7cb8950878986","NPS","BAL","8acc02dd9cad744e6184599f09df85a876e507635d59dc63cbb7c368c7c651e4",2022-03-01 14:57:12,2022-03-01,2022-02-27,"MH",0
"878","4","Belgium","Unknown",NA,"e4f58984a4bdfc401ae4348bf08f3fe4fa36e8be69e00e327ee7cb8950878986","NPS","BAL","8acc02dd9cad744e6184599f09df85a876e507635d59dc63cbb7c368c7c651e4",2022-03-01 14:57:12,2022-03-01,2022-02-27,"HS",0
"879","4","Belgium","Unknown",NA,"e4f58984a4bdfc401ae4348bf08f3fe4fa36e8be69e00e327ee7cb8950878986","NPS","BAL","8acc02dd9cad744e6184599f09df85a876e507635d59dc63cbb7c368c7c651e4",2022-03-01 14:57:12,2022-03-01,2022-02-27,"MB",1
"880","4","Belgium","Unknown",NA,"e4f58984a4bdfc401ae4348bf08f3fe4fa36e8be69e00e327ee7cb8950878986","NPS","BAL","8acc02dd9cad744e6184599f09df85a876e507635d59dc63cbb7c368c7c651e4",2022-03-01 14:57:12,2022-03-01,2022-02-27,"BRSV",0
"881","4","Belgium","Unknown",NA,"e4f58984a4bdfc401ae4348bf08f3fe4fa36e8be69e00e327ee7cb8950878986","NPS","BAL","8acc02dd9cad744e6184599f09df85a876e507635d59dc63cbb7c368c7c651e4",2022-03-01 14:57:12,2022-03-01,2022-02-27,"PI3",0
"882","4","Belgium","Unknown",NA,"e4f58984a4bdfc401ae4348bf08f3fe4fa36e8be69e00e327ee7cb8950878986","NPS","BAL","8acc02dd9cad744e6184599f09df85a876e507635d59dc63cbb7c368c7c651e4",2022-03-01 14:57:12,2022-03-01,2022-02-27,"BCV",1
"883","4","Belgium","Unknown",NA,"e8b4beb51662ad8742e442ed478ecffb275c6ae444ab45076fbf5148fdc411f0","NPS","BAL","083f509d5f1c7e8f9576f34bb39ef16459ffe01d7d9e23f5468edef845711968",2021-11-23 11:00:45,2021-11-01,2021-11-21,"PM",1
"884","4","Belgium","Unknown",NA,"e8b4beb51662ad8742e442ed478ecffb275c6ae444ab45076fbf5148fdc411f0","NPS","BAL","083f509d5f1c7e8f9576f34bb39ef16459ffe01d7d9e23f5468edef845711968",2021-11-23 11:00:45,2021-11-01,2021-11-21,"MH",0
"885","4","Belgium","Unknown",NA,"e8b4beb51662ad8742e442ed478ecffb275c6ae444ab45076fbf5148fdc411f0","NPS","BAL","083f509d5f1c7e8f9576f34bb39ef16459ffe01d7d9e23f5468edef845711968",2021-11-23 11:00:45,2021-11-01,2021-11-21,"HS",0
"886","4","Belgium","Unknown",NA,"e8b4beb51662ad8742e442ed478ecffb275c6ae444ab45076fbf5148fdc411f0","NPS","BAL","083f509d5f1c7e8f9576f34bb39ef16459ffe01d7d9e23f5468edef845711968",2021-11-23 11:00:45,2021-11-01,2021-11-21,"MB",1
"887","4","Belgium","Unknown",NA,"e8b4beb51662ad8742e442ed478ecffb275c6ae444ab45076fbf5148fdc411f0","NPS","BAL","083f509d5f1c7e8f9576f34bb39ef16459ffe01d7d9e23f5468edef845711968",2021-11-23 11:00:45,2021-11-01,2021-11-21,"BRSV",0
"888","4","Belgium","Unknown",NA,"e8b4beb51662ad8742e442ed478ecffb275c6ae444ab45076fbf5148fdc411f0","NPS","BAL","083f509d5f1c7e8f9576f34bb39ef16459ffe01d7d9e23f5468edef845711968",2021-11-23 11:00:45,2021-11-01,2021-11-21,"PI3",1
"889","4","Belgium","Unknown",NA,"e8b4beb51662ad8742e442ed478ecffb275c6ae444ab45076fbf5148fdc411f0","NPS","BAL","083f509d5f1c7e8f9576f34bb39ef16459ffe01d7d9e23f5468edef845711968",2021-11-23 11:00:45,2021-11-01,2021-11-21,"BCV",0
"890","4","Belgium","Unknown",NA,"e8b4beb51662ad8742e442ed478ecffb275c6ae444ab45076fbf5148fdc411f0","NPS","BAL","622373b3957bb84f01ef43a931c9995fab3323bff4d223b3cfb324e5af11c97e",2021-11-23 11:00:45,2021-11-01,2021-11-21,"PM",0
"891","4","Belgium","Unknown",NA,"e8b4beb51662ad8742e442ed478ecffb275c6ae444ab45076fbf5148fdc411f0","NPS","BAL","622373b3957bb84f01ef43a931c9995fab3323bff4d223b3cfb324e5af11c97e",2021-11-23 11:00:45,2021-11-01,2021-11-21,"MH",0
"892","4","Belgium","Unknown",NA,"e8b4beb51662ad8742e442ed478ecffb275c6ae444ab45076fbf5148fdc411f0","NPS","BAL","622373b3957bb84f01ef43a931c9995fab3323bff4d223b3cfb324e5af11c97e",2021-11-23 11:00:45,2021-11-01,2021-11-21,"HS",0
"893","4","Belgium","Unknown",NA,"e8b4beb51662ad8742e442ed478ecffb275c6ae444ab45076fbf5148fdc411f0","NPS","BAL","622373b3957bb84f01ef43a931c9995fab3323bff4d223b3cfb324e5af11c97e",2021-11-23 11:00:45,2021-11-01,2021-11-21,"MB",0
"894","4","Belgium","Unknown",NA,"e8b4beb51662ad8742e442ed478ecffb275c6ae444ab45076fbf5148fdc411f0","NPS","BAL","622373b3957bb84f01ef43a931c9995fab3323bff4d223b3cfb324e5af11c97e",2021-11-23 11:00:45,2021-11-01,2021-11-21,"BRSV",1
"895","4","Belgium","Unknown",NA,"e8b4beb51662ad8742e442ed478ecffb275c6ae444ab45076fbf5148fdc411f0","NPS","BAL","622373b3957bb84f01ef43a931c9995fab3323bff4d223b3cfb324e5af11c97e",2021-11-23 11:00:45,2021-11-01,2021-11-21,"PI3",0
"896","4","Belgium","Unknown",NA,"e8b4beb51662ad8742e442ed478ecffb275c6ae444ab45076fbf5148fdc411f0","NPS","BAL","622373b3957bb84f01ef43a931c9995fab3323bff4d223b3cfb324e5af11c97e",2021-11-23 11:00:45,2021-11-01,2021-11-21,"BCV",0
"897","4","Belgium","Unknown",NA,"e8b4beb51662ad8742e442ed478ecffb275c6ae444ab45076fbf5148fdc411f0","NPS","BAL","6b25866c1f7dc45dcb7a5208cba551cedb22ff1c8d1d6033b5f45094100d7d37",2021-11-23 11:00:45,2021-11-01,2021-11-21,"PM",0
"898","4","Belgium","Unknown",NA,"e8b4beb51662ad8742e442ed478ecffb275c6ae444ab45076fbf5148fdc411f0","NPS","BAL","6b25866c1f7dc45dcb7a5208cba551cedb22ff1c8d1d6033b5f45094100d7d37",2021-11-23 11:00:45,2021-11-01,2021-11-21,"MH",0
"899","4","Belgium","Unknown",NA,"e8b4beb51662ad8742e442ed478ecffb275c6ae444ab45076fbf5148fdc411f0","NPS","BAL","6b25866c1f7dc45dcb7a5208cba551cedb22ff1c8d1d6033b5f45094100d7d37",2021-11-23 11:00:45,2021-11-01,2021-11-21,"HS",0
"900","4","Belgium","Unknown",NA,"e8b4beb51662ad8742e442ed478ecffb275c6ae444ab45076fbf5148fdc411f0","NPS","BAL","6b25866c1f7dc45dcb7a5208cba551cedb22ff1c8d1d6033b5f45094100d7d37",2021-11-23 11:00:45,2021-11-01,2021-11-21,"MB",1
"901","4","Belgium","Unknown",NA,"e8b4beb51662ad8742e442ed478ecffb275c6ae444ab45076fbf5148fdc411f0","NPS","BAL","6b25866c1f7dc45dcb7a5208cba551cedb22ff1c8d1d6033b5f45094100d7d37",2021-11-23 11:00:45,2021-11-01,2021-11-21,"BRSV",0
"902","4","Belgium","Unknown",NA,"e8b4beb51662ad8742e442ed478ecffb275c6ae444ab45076fbf5148fdc411f0","NPS","BAL","6b25866c1f7dc45dcb7a5208cba551cedb22ff1c8d1d6033b5f45094100d7d37",2021-11-23 11:00:45,2021-11-01,2021-11-21,"PI3",0
"903","4","Belgium","Unknown",NA,"e8b4beb51662ad8742e442ed478ecffb275c6ae444ab45076fbf5148fdc411f0","NPS","BAL","6b25866c1f7dc45dcb7a5208cba551cedb22ff1c8d1d6033b5f45094100d7d37",2021-11-23 11:00:45,2021-11-01,2021-11-21,"BCV",0
"904","4","Belgium","Unknown",NA,"e8b4beb51662ad8742e442ed478ecffb275c6ae444ab45076fbf5148fdc411f0","NPS","BAL","805c94a358c1d459721ef187ff53e0f4be05ee597948ffe5b6a3282699260b87",2021-11-23 11:00:45,2021-11-01,2021-11-21,"PM",0
"905","4","Belgium","Unknown",NA,"e8b4beb51662ad8742e442ed478ecffb275c6ae444ab45076fbf5148fdc411f0","NPS","BAL","805c94a358c1d459721ef187ff53e0f4be05ee597948ffe5b6a3282699260b87",2021-11-23 11:00:45,2021-11-01,2021-11-21,"MH",0
"906","4","Belgium","Unknown",NA,"e8b4beb51662ad8742e442ed478ecffb275c6ae444ab45076fbf5148fdc411f0","NPS","BAL","805c94a358c1d459721ef187ff53e0f4be05ee597948ffe5b6a3282699260b87",2021-11-23 11:00:45,2021-11-01,2021-11-21,"HS",0
"907","4","Belgium","Unknown",NA,"e8b4beb51662ad8742e442ed478ecffb275c6ae444ab45076fbf5148fdc411f0","NPS","BAL","805c94a358c1d459721ef187ff53e0f4be05ee597948ffe5b6a3282699260b87",2021-11-23 11:00:45,2021-11-01,2021-11-21,"MB",1
"908","4","Belgium","Unknown",NA,"e8b4beb51662ad8742e442ed478ecffb275c6ae444ab45076fbf5148fdc411f0","NPS","BAL","805c94a358c1d459721ef187ff53e0f4be05ee597948ffe5b6a3282699260b87",2021-11-23 11:00:45,2021-11-01,2021-11-21,"BRSV",0
"909","4","Belgium","Unknown",NA,"e8b4beb51662ad8742e442ed478ecffb275c6ae444ab45076fbf5148fdc411f0","NPS","BAL","805c94a358c1d459721ef187ff53e0f4be05ee597948ffe5b6a3282699260b87",2021-11-23 11:00:45,2021-11-01,2021-11-21,"PI3",1
"910","4","Belgium","Unknown",NA,"e8b4beb51662ad8742e442ed478ecffb275c6ae444ab45076fbf5148fdc411f0","NPS","BAL","805c94a358c1d459721ef187ff53e0f4be05ee597948ffe5b6a3282699260b87",2021-11-23 11:00:45,2021-11-01,2021-11-21,"BCV",0
"911","4","Belgium","Unknown",NA,"e8b4beb51662ad8742e442ed478ecffb275c6ae444ab45076fbf5148fdc411f0","NPS","BAL","b59593174a9ed010ad25fe0e143ae7790cf63c4bd7aa2a654ab80d1016da8265",2021-11-23 11:00:45,2021-11-01,2021-11-21,"PM",1
"912","4","Belgium","Unknown",NA,"e8b4beb51662ad8742e442ed478ecffb275c6ae444ab45076fbf5148fdc411f0","NPS","BAL","b59593174a9ed010ad25fe0e143ae7790cf63c4bd7aa2a654ab80d1016da8265",2021-11-23 11:00:45,2021-11-01,2021-11-21,"MH",0
"913","4","Belgium","Unknown",NA,"e8b4beb51662ad8742e442ed478ecffb275c6ae444ab45076fbf5148fdc411f0","NPS","BAL","b59593174a9ed010ad25fe0e143ae7790cf63c4bd7aa2a654ab80d1016da8265",2021-11-23 11:00:45,2021-11-01,2021-11-21,"HS",0
"914","4","Belgium","Unknown",NA,"e8b4beb51662ad8742e442ed478ecffb275c6ae444ab45076fbf5148fdc411f0","NPS","BAL","b59593174a9ed010ad25fe0e143ae7790cf63c4bd7aa2a654ab80d1016da8265",2021-11-23 11:00:45,2021-11-01,2021-11-21,"MB",0
"915","4","Belgium","Unknown",NA,"e8b4beb51662ad8742e442ed478ecffb275c6ae444ab45076fbf5148fdc411f0","NPS","BAL","b59593174a9ed010ad25fe0e143ae7790cf63c4bd7aa2a654ab80d1016da8265",2021-11-23 11:00:45,2021-11-01,2021-11-21,"BRSV",0
"916","4","Belgium","Unknown",NA,"e8b4beb51662ad8742e442ed478ecffb275c6ae444ab45076fbf5148fdc411f0","NPS","BAL","b59593174a9ed010ad25fe0e143ae7790cf63c4bd7aa2a654ab80d1016da8265",2021-11-23 11:00:45,2021-11-01,2021-11-21,"PI3",0
"917","4","Belgium","Unknown",NA,"e8b4beb51662ad8742e442ed478ecffb275c6ae444ab45076fbf5148fdc411f0","NPS","BAL","b59593174a9ed010ad25fe0e143ae7790cf63c4bd7aa2a654ab80d1016da8265",2021-11-23 11:00:45,2021-11-01,2021-11-21,"BCV",0
"918","4","Belgium","Unknown",NA,"e919459e6234a3df3ead3841407d029640c4b85bc0353cb3a8a2ad31b90266c5","NPS","BAL","43eb64f59e486941b18ab12531dd6a4c6d5cc41f9f246effea3f923e619fd7e4",2021-10-20 09:42:41,2021-10-01,2021-10-17,"PM",0
"919","4","Belgium","Unknown",NA,"e919459e6234a3df3ead3841407d029640c4b85bc0353cb3a8a2ad31b90266c5","NPS","BAL","43eb64f59e486941b18ab12531dd6a4c6d5cc41f9f246effea3f923e619fd7e4",2021-10-20 09:42:41,2021-10-01,2021-10-17,"MH",0
"920","4","Belgium","Unknown",NA,"e919459e6234a3df3ead3841407d029640c4b85bc0353cb3a8a2ad31b90266c5","NPS","BAL","43eb64f59e486941b18ab12531dd6a4c6d5cc41f9f246effea3f923e619fd7e4",2021-10-20 09:42:41,2021-10-01,2021-10-17,"HS",0
"921","4","Belgium","Unknown",NA,"e919459e6234a3df3ead3841407d029640c4b85bc0353cb3a8a2ad31b90266c5","NPS","BAL","43eb64f59e486941b18ab12531dd6a4c6d5cc41f9f246effea3f923e619fd7e4",2021-10-20 09:42:41,2021-10-01,2021-10-17,"MB",0
"922","4","Belgium","Unknown",NA,"e919459e6234a3df3ead3841407d029640c4b85bc0353cb3a8a2ad31b90266c5","NPS","BAL","43eb64f59e486941b18ab12531dd6a4c6d5cc41f9f246effea3f923e619fd7e4",2021-10-20 09:42:41,2021-10-01,2021-10-17,"BRSV",0
"923","4","Belgium","Unknown",NA,"e919459e6234a3df3ead3841407d029640c4b85bc0353cb3a8a2ad31b90266c5","NPS","BAL","43eb64f59e486941b18ab12531dd6a4c6d5cc41f9f246effea3f923e619fd7e4",2021-10-20 09:42:41,2021-10-01,2021-10-17,"PI3",0
"924","4","Belgium","Unknown",NA,"e919459e6234a3df3ead3841407d029640c4b85bc0353cb3a8a2ad31b90266c5","NPS","BAL","43eb64f59e486941b18ab12531dd6a4c6d5cc41f9f246effea3f923e619fd7e4",2021-10-20 09:42:41,2021-10-01,2021-10-17,"BCV",0
"925","4","Belgium","Unknown",NA,"e919459e6234a3df3ead3841407d029640c4b85bc0353cb3a8a2ad31b90266c5","NPS","BAL","459ef54b95078ec14162ab65a269e9179f14488554e29475504b3b25b2f17cb1",2021-10-20 09:42:41,2021-10-01,2021-10-17,"PM",1
"926","4","Belgium","Unknown",NA,"e919459e6234a3df3ead3841407d029640c4b85bc0353cb3a8a2ad31b90266c5","NPS","BAL","459ef54b95078ec14162ab65a269e9179f14488554e29475504b3b25b2f17cb1",2021-10-20 09:42:41,2021-10-01,2021-10-17,"MH",0
"927","4","Belgium","Unknown",NA,"e919459e6234a3df3ead3841407d029640c4b85bc0353cb3a8a2ad31b90266c5","NPS","BAL","459ef54b95078ec14162ab65a269e9179f14488554e29475504b3b25b2f17cb1",2021-10-20 09:42:41,2021-10-01,2021-10-17,"HS",0
"928","4","Belgium","Unknown",NA,"e919459e6234a3df3ead3841407d029640c4b85bc0353cb3a8a2ad31b90266c5","NPS","BAL","459ef54b95078ec14162ab65a269e9179f14488554e29475504b3b25b2f17cb1",2021-10-20 09:42:41,2021-10-01,2021-10-17,"MB",0
"929","4","Belgium","Unknown",NA,"e919459e6234a3df3ead3841407d029640c4b85bc0353cb3a8a2ad31b90266c5","NPS","BAL","459ef54b95078ec14162ab65a269e9179f14488554e29475504b3b25b2f17cb1",2021-10-20 09:42:41,2021-10-01,2021-10-17,"BRSV",0
"930","4","Belgium","Unknown",NA,"e919459e6234a3df3ead3841407d029640c4b85bc0353cb3a8a2ad31b90266c5","NPS","BAL","459ef54b95078ec14162ab65a269e9179f14488554e29475504b3b25b2f17cb1",2021-10-20 09:42:41,2021-10-01,2021-10-17,"PI3",0
"931","4","Belgium","Unknown",NA,"e919459e6234a3df3ead3841407d029640c4b85bc0353cb3a8a2ad31b90266c5","NPS","BAL","459ef54b95078ec14162ab65a269e9179f14488554e29475504b3b25b2f17cb1",2021-10-20 09:42:41,2021-10-01,2021-10-17,"BCV",0
"932","4","Belgium","Unknown",NA,"e919459e6234a3df3ead3841407d029640c4b85bc0353cb3a8a2ad31b90266c5","NPS","BAL","5010c493958a86e59cdc3b94179856b6c2fea01c7e1b293ff115706c4ff4d6dc",2021-10-20 09:42:41,2021-10-01,2021-10-17,"PM",0
"933","4","Belgium","Unknown",NA,"e919459e6234a3df3ead3841407d029640c4b85bc0353cb3a8a2ad31b90266c5","NPS","BAL","5010c493958a86e59cdc3b94179856b6c2fea01c7e1b293ff115706c4ff4d6dc",2021-10-20 09:42:41,2021-10-01,2021-10-17,"MH",0
"934","4","Belgium","Unknown",NA,"e919459e6234a3df3ead3841407d029640c4b85bc0353cb3a8a2ad31b90266c5","NPS","BAL","5010c493958a86e59cdc3b94179856b6c2fea01c7e1b293ff115706c4ff4d6dc",2021-10-20 09:42:41,2021-10-01,2021-10-17,"HS",0
"935","4","Belgium","Unknown",NA,"e919459e6234a3df3ead3841407d029640c4b85bc0353cb3a8a2ad31b90266c5","NPS","BAL","5010c493958a86e59cdc3b94179856b6c2fea01c7e1b293ff115706c4ff4d6dc",2021-10-20 09:42:41,2021-10-01,2021-10-17,"MB",0
"936","4","Belgium","Unknown",NA,"e919459e6234a3df3ead3841407d029640c4b85bc0353cb3a8a2ad31b90266c5","NPS","BAL","5010c493958a86e59cdc3b94179856b6c2fea01c7e1b293ff115706c4ff4d6dc",2021-10-20 09:42:41,2021-10-01,2021-10-17,"BRSV",0
"937","4","Belgium","Unknown",NA,"e919459e6234a3df3ead3841407d029640c4b85bc0353cb3a8a2ad31b90266c5","NPS","BAL","5010c493958a86e59cdc3b94179856b6c2fea01c7e1b293ff115706c4ff4d6dc",2021-10-20 09:42:41,2021-10-01,2021-10-17,"PI3",0
"938","4","Belgium","Unknown",NA,"e919459e6234a3df3ead3841407d029640c4b85bc0353cb3a8a2ad31b90266c5","NPS","BAL","5010c493958a86e59cdc3b94179856b6c2fea01c7e1b293ff115706c4ff4d6dc",2021-10-20 09:42:41,2021-10-01,2021-10-17,"BCV",0
"939","4","Belgium","Unknown",NA,"e919459e6234a3df3ead3841407d029640c4b85bc0353cb3a8a2ad31b90266c5","NPS","BAL","9df82ff1547bdff292926e347ad933ea0af998b93568749faca6b121222a04cf",2021-10-20 09:42:41,2021-10-01,2021-10-17,"PM",0
"940","4","Belgium","Unknown",NA,"e919459e6234a3df3ead3841407d029640c4b85bc0353cb3a8a2ad31b90266c5","NPS","BAL","9df82ff1547bdff292926e347ad933ea0af998b93568749faca6b121222a04cf",2021-10-20 09:42:41,2021-10-01,2021-10-17,"MH",0
"941","4","Belgium","Unknown",NA,"e919459e6234a3df3ead3841407d029640c4b85bc0353cb3a8a2ad31b90266c5","NPS","BAL","9df82ff1547bdff292926e347ad933ea0af998b93568749faca6b121222a04cf",2021-10-20 09:42:41,2021-10-01,2021-10-17,"HS",0
"942","4","Belgium","Unknown",NA,"e919459e6234a3df3ead3841407d029640c4b85bc0353cb3a8a2ad31b90266c5","NPS","BAL","9df82ff1547bdff292926e347ad933ea0af998b93568749faca6b121222a04cf",2021-10-20 09:42:41,2021-10-01,2021-10-17,"MB",0
"943","4","Belgium","Unknown",NA,"e919459e6234a3df3ead3841407d029640c4b85bc0353cb3a8a2ad31b90266c5","NPS","BAL","9df82ff1547bdff292926e347ad933ea0af998b93568749faca6b121222a04cf",2021-10-20 09:42:41,2021-10-01,2021-10-17,"BRSV",0
"944","4","Belgium","Unknown",NA,"e919459e6234a3df3ead3841407d029640c4b85bc0353cb3a8a2ad31b90266c5","NPS","BAL","9df82ff1547bdff292926e347ad933ea0af998b93568749faca6b121222a04cf",2021-10-20 09:42:41,2021-10-01,2021-10-17,"PI3",0
"945","4","Belgium","Unknown",NA,"e919459e6234a3df3ead3841407d029640c4b85bc0353cb3a8a2ad31b90266c5","NPS","BAL","9df82ff1547bdff292926e347ad933ea0af998b93568749faca6b121222a04cf",2021-10-20 09:42:41,2021-10-01,2021-10-17,"BCV",0
"946","4","Belgium","Unknown",NA,"e919459e6234a3df3ead3841407d029640c4b85bc0353cb3a8a2ad31b90266c5","NPS","BAL","cfe35c9e498096d4463cfade00cdef305d2311d90db9949bf321f87447fc2f1a",2021-10-20 09:42:41,2021-10-01,2021-10-17,"PM",0
"947","4","Belgium","Unknown",NA,"e919459e6234a3df3ead3841407d029640c4b85bc0353cb3a8a2ad31b90266c5","NPS","BAL","cfe35c9e498096d4463cfade00cdef305d2311d90db9949bf321f87447fc2f1a",2021-10-20 09:42:41,2021-10-01,2021-10-17,"MH",0
"948","4","Belgium","Unknown",NA,"e919459e6234a3df3ead3841407d029640c4b85bc0353cb3a8a2ad31b90266c5","NPS","BAL","cfe35c9e498096d4463cfade00cdef305d2311d90db9949bf321f87447fc2f1a",2021-10-20 09:42:41,2021-10-01,2021-10-17,"HS",0
"949","4","Belgium","Unknown",NA,"e919459e6234a3df3ead3841407d029640c4b85bc0353cb3a8a2ad31b90266c5","NPS","BAL","cfe35c9e498096d4463cfade00cdef305d2311d90db9949bf321f87447fc2f1a",2021-10-20 09:42:41,2021-10-01,2021-10-17,"MB",0
"950","4","Belgium","Unknown",NA,"e919459e6234a3df3ead3841407d029640c4b85bc0353cb3a8a2ad31b90266c5","NPS","BAL","cfe35c9e498096d4463cfade00cdef305d2311d90db9949bf321f87447fc2f1a",2021-10-20 09:42:41,2021-10-01,2021-10-17,"BRSV",0
"951","4","Belgium","Unknown",NA,"e919459e6234a3df3ead3841407d029640c4b85bc0353cb3a8a2ad31b90266c5","NPS","BAL","cfe35c9e498096d4463cfade00cdef305d2311d90db9949bf321f87447fc2f1a",2021-10-20 09:42:41,2021-10-01,2021-10-17,"PI3",0
"952","4","Belgium","Unknown",NA,"e919459e6234a3df3ead3841407d029640c4b85bc0353cb3a8a2ad31b90266c5","NPS","BAL","cfe35c9e498096d4463cfade00cdef305d2311d90db9949bf321f87447fc2f1a",2021-10-20 09:42:41,2021-10-01,2021-10-17,"BCV",0
"953","4","Belgium","Unknown",NA,"eb25198438a00b734ec6328be8da0b1bd787595b91d391f8ee1cfbd79b45d9dc","NPS","BAL","b7e307660e1611cb42bcb28e4bb4a6465ccb5ec2e028ca4be8b84e8787929a38",2020-10-19 14:50:24,2020-10-01,2020-10-18,"PM",0
"954","4","Belgium","Unknown",NA,"eb25198438a00b734ec6328be8da0b1bd787595b91d391f8ee1cfbd79b45d9dc","NPS","BAL","b7e307660e1611cb42bcb28e4bb4a6465ccb5ec2e028ca4be8b84e8787929a38",2020-10-19 14:50:24,2020-10-01,2020-10-18,"MH",0
"955","4","Belgium","Unknown",NA,"eb25198438a00b734ec6328be8da0b1bd787595b91d391f8ee1cfbd79b45d9dc","NPS","BAL","b7e307660e1611cb42bcb28e4bb4a6465ccb5ec2e028ca4be8b84e8787929a38",2020-10-19 14:50:24,2020-10-01,2020-10-18,"HS",0
"956","4","Belgium","Unknown",NA,"eb25198438a00b734ec6328be8da0b1bd787595b91d391f8ee1cfbd79b45d9dc","NPS","BAL","b7e307660e1611cb42bcb28e4bb4a6465ccb5ec2e028ca4be8b84e8787929a38",2020-10-19 14:50:24,2020-10-01,2020-10-18,"MB",0
"957","4","Belgium","Unknown",NA,"eb25198438a00b734ec6328be8da0b1bd787595b91d391f8ee1cfbd79b45d9dc","NPS","BAL","b7e307660e1611cb42bcb28e4bb4a6465ccb5ec2e028ca4be8b84e8787929a38",2020-10-19 14:50:24,2020-10-01,2020-10-18,"BRSV",0
"958","4","Belgium","Unknown",NA,"eb25198438a00b734ec6328be8da0b1bd787595b91d391f8ee1cfbd79b45d9dc","NPS","BAL","b7e307660e1611cb42bcb28e4bb4a6465ccb5ec2e028ca4be8b84e8787929a38",2020-10-19 14:50:24,2020-10-01,2020-10-18,"PI3",0
"959","4","Belgium","Unknown",NA,"eb25198438a00b734ec6328be8da0b1bd787595b91d391f8ee1cfbd79b45d9dc","NPS","BAL","b7e307660e1611cb42bcb28e4bb4a6465ccb5ec2e028ca4be8b84e8787929a38",2020-10-19 14:50:24,2020-10-01,2020-10-18,"BCV",0
"960","4","Belgium","Unknown",NA,"eb3d9dac46073924cffbc322aeac56e17b3c33c8005b591d3209e26e14af625b","NPS","BAL","92128c7fc22f3f685e9914450a0bd855e258aafff9351663260b080a4a7c5188",2021-03-09 15:04:42,2021-03-01,2021-03-07,"PM",1
"961","4","Belgium","Unknown",NA,"eb3d9dac46073924cffbc322aeac56e17b3c33c8005b591d3209e26e14af625b","NPS","BAL","92128c7fc22f3f685e9914450a0bd855e258aafff9351663260b080a4a7c5188",2021-03-09 15:04:42,2021-03-01,2021-03-07,"MH",0
"962","4","Belgium","Unknown",NA,"eb3d9dac46073924cffbc322aeac56e17b3c33c8005b591d3209e26e14af625b","NPS","BAL","92128c7fc22f3f685e9914450a0bd855e258aafff9351663260b080a4a7c5188",2021-03-09 15:04:42,2021-03-01,2021-03-07,"HS",0
"963","4","Belgium","Unknown",NA,"eb3d9dac46073924cffbc322aeac56e17b3c33c8005b591d3209e26e14af625b","NPS","BAL","92128c7fc22f3f685e9914450a0bd855e258aafff9351663260b080a4a7c5188",2021-03-09 15:04:42,2021-03-01,2021-03-07,"MB",1
"964","4","Belgium","Unknown",NA,"eb3d9dac46073924cffbc322aeac56e17b3c33c8005b591d3209e26e14af625b","NPS","BAL","92128c7fc22f3f685e9914450a0bd855e258aafff9351663260b080a4a7c5188",2021-03-09 15:04:42,2021-03-01,2021-03-07,"BRSV",1
"965","4","Belgium","Unknown",NA,"eb3d9dac46073924cffbc322aeac56e17b3c33c8005b591d3209e26e14af625b","NPS","BAL","92128c7fc22f3f685e9914450a0bd855e258aafff9351663260b080a4a7c5188",2021-03-09 15:04:42,2021-03-01,2021-03-07,"PI3",0
"966","4","Belgium","Unknown",NA,"eb3d9dac46073924cffbc322aeac56e17b3c33c8005b591d3209e26e14af625b","NPS","BAL","92128c7fc22f3f685e9914450a0bd855e258aafff9351663260b080a4a7c5188",2021-03-09 15:04:42,2021-03-01,2021-03-07,"BCV",1
"967","4","Belgium","Unknown",NA,"eb3d9dac46073924cffbc322aeac56e17b3c33c8005b591d3209e26e14af625b","NPS","BAL","aabe8732aabad9a7ec7c885015c3aeed2fcca66b1dc54fb089f01cb9d13c1f72",2021-03-09 15:04:42,2021-03-01,2021-03-07,"PM",1
"968","4","Belgium","Unknown",NA,"eb3d9dac46073924cffbc322aeac56e17b3c33c8005b591d3209e26e14af625b","NPS","BAL","aabe8732aabad9a7ec7c885015c3aeed2fcca66b1dc54fb089f01cb9d13c1f72",2021-03-09 15:04:42,2021-03-01,2021-03-07,"MH",0
"969","4","Belgium","Unknown",NA,"eb3d9dac46073924cffbc322aeac56e17b3c33c8005b591d3209e26e14af625b","NPS","BAL","aabe8732aabad9a7ec7c885015c3aeed2fcca66b1dc54fb089f01cb9d13c1f72",2021-03-09 15:04:42,2021-03-01,2021-03-07,"HS",0
"970","4","Belgium","Unknown",NA,"eb3d9dac46073924cffbc322aeac56e17b3c33c8005b591d3209e26e14af625b","NPS","BAL","aabe8732aabad9a7ec7c885015c3aeed2fcca66b1dc54fb089f01cb9d13c1f72",2021-03-09 15:04:42,2021-03-01,2021-03-07,"MB",1
"971","4","Belgium","Unknown",NA,"eb3d9dac46073924cffbc322aeac56e17b3c33c8005b591d3209e26e14af625b","NPS","BAL","aabe8732aabad9a7ec7c885015c3aeed2fcca66b1dc54fb089f01cb9d13c1f72",2021-03-09 15:04:42,2021-03-01,2021-03-07,"BRSV",0
"972","4","Belgium","Unknown",NA,"eb3d9dac46073924cffbc322aeac56e17b3c33c8005b591d3209e26e14af625b","NPS","BAL","aabe8732aabad9a7ec7c885015c3aeed2fcca66b1dc54fb089f01cb9d13c1f72",2021-03-09 15:04:42,2021-03-01,2021-03-07,"PI3",0
"973","4","Belgium","Unknown",NA,"eb3d9dac46073924cffbc322aeac56e17b3c33c8005b591d3209e26e14af625b","NPS","BAL","aabe8732aabad9a7ec7c885015c3aeed2fcca66b1dc54fb089f01cb9d13c1f72",2021-03-09 15:04:42,2021-03-01,2021-03-07,"BCV",0
"974","4","Belgium","Unknown",NA,"ec297c73445f953cd4f2d8b237d3e16035a2063f3548401d4a6dded86647ec06","NPS","BAL","e593b3235fd5043499fb151d63adbd53503bc1de662470be60016adf177b240a",2021-10-11 16:04:13,2021-10-01,2021-10-10,"PM",1
"975","4","Belgium","Unknown",NA,"ec297c73445f953cd4f2d8b237d3e16035a2063f3548401d4a6dded86647ec06","NPS","BAL","e593b3235fd5043499fb151d63adbd53503bc1de662470be60016adf177b240a",2021-10-11 16:04:13,2021-10-01,2021-10-10,"MH",0
"976","4","Belgium","Unknown",NA,"ec297c73445f953cd4f2d8b237d3e16035a2063f3548401d4a6dded86647ec06","NPS","BAL","e593b3235fd5043499fb151d63adbd53503bc1de662470be60016adf177b240a",2021-10-11 16:04:13,2021-10-01,2021-10-10,"HS",0
"977","4","Belgium","Unknown",NA,"ec297c73445f953cd4f2d8b237d3e16035a2063f3548401d4a6dded86647ec06","NPS","BAL","e593b3235fd5043499fb151d63adbd53503bc1de662470be60016adf177b240a",2021-10-11 16:04:13,2021-10-01,2021-10-10,"MB",1
"978","4","Belgium","Unknown",NA,"ec297c73445f953cd4f2d8b237d3e16035a2063f3548401d4a6dded86647ec06","NPS","BAL","e593b3235fd5043499fb151d63adbd53503bc1de662470be60016adf177b240a",2021-10-11 16:04:13,2021-10-01,2021-10-10,"BRSV",0
"979","4","Belgium","Unknown",NA,"ec297c73445f953cd4f2d8b237d3e16035a2063f3548401d4a6dded86647ec06","NPS","BAL","e593b3235fd5043499fb151d63adbd53503bc1de662470be60016adf177b240a",2021-10-11 16:04:13,2021-10-01,2021-10-10,"PI3",0
"980","4","Belgium","Unknown",NA,"ec297c73445f953cd4f2d8b237d3e16035a2063f3548401d4a6dded86647ec06","NPS","BAL","e593b3235fd5043499fb151d63adbd53503bc1de662470be60016adf177b240a",2021-10-11 16:04:13,2021-10-01,2021-10-10,"BCV",1
"981","4","Belgium","Unknown",NA,"ed657e15507c34eef9cc270ab1cd2362711e411f092e917777cc5db729f5b263","NPS","BAL","2a0107774dd2becffa07ce134ceb8ed399226e0f6ce1247ab080c5027e6282cf",2022-02-18 15:14:48,2022-02-01,2022-02-13,"PM",0
"982","4","Belgium","Unknown",NA,"ed657e15507c34eef9cc270ab1cd2362711e411f092e917777cc5db729f5b263","NPS","BAL","2a0107774dd2becffa07ce134ceb8ed399226e0f6ce1247ab080c5027e6282cf",2022-02-18 15:14:48,2022-02-01,2022-02-13,"MH",0
"983","4","Belgium","Unknown",NA,"ed657e15507c34eef9cc270ab1cd2362711e411f092e917777cc5db729f5b263","NPS","BAL","2a0107774dd2becffa07ce134ceb8ed399226e0f6ce1247ab080c5027e6282cf",2022-02-18 15:14:48,2022-02-01,2022-02-13,"HS",0
"984","4","Belgium","Unknown",NA,"ed657e15507c34eef9cc270ab1cd2362711e411f092e917777cc5db729f5b263","NPS","BAL","2a0107774dd2becffa07ce134ceb8ed399226e0f6ce1247ab080c5027e6282cf",2022-02-18 15:14:48,2022-02-01,2022-02-13,"MB",0
"985","4","Belgium","Unknown",NA,"ed657e15507c34eef9cc270ab1cd2362711e411f092e917777cc5db729f5b263","NPS","BAL","2a0107774dd2becffa07ce134ceb8ed399226e0f6ce1247ab080c5027e6282cf",2022-02-18 15:14:48,2022-02-01,2022-02-13,"BRSV",1
"986","4","Belgium","Unknown",NA,"ed657e15507c34eef9cc270ab1cd2362711e411f092e917777cc5db729f5b263","NPS","BAL","2a0107774dd2becffa07ce134ceb8ed399226e0f6ce1247ab080c5027e6282cf",2022-02-18 15:14:48,2022-02-01,2022-02-13,"PI3",0
"987","4","Belgium","Unknown",NA,"ed657e15507c34eef9cc270ab1cd2362711e411f092e917777cc5db729f5b263","NPS","BAL","2a0107774dd2becffa07ce134ceb8ed399226e0f6ce1247ab080c5027e6282cf",2022-02-18 15:14:48,2022-02-01,2022-02-13,"BCV",0
"988","4","Belgium","Unknown",NA,"ed657e15507c34eef9cc270ab1cd2362711e411f092e917777cc5db729f5b263","NPS","BAL","7c794a709302626ae0f7b3be4ed6da73f9d97d93e784773829d4328542f4f0f7",2022-02-18 15:14:48,2022-02-01,2022-02-13,"PM",0
"989","4","Belgium","Unknown",NA,"ed657e15507c34eef9cc270ab1cd2362711e411f092e917777cc5db729f5b263","NPS","BAL","7c794a709302626ae0f7b3be4ed6da73f9d97d93e784773829d4328542f4f0f7",2022-02-18 15:14:48,2022-02-01,2022-02-13,"MH",0
"990","4","Belgium","Unknown",NA,"ed657e15507c34eef9cc270ab1cd2362711e411f092e917777cc5db729f5b263","NPS","BAL","7c794a709302626ae0f7b3be4ed6da73f9d97d93e784773829d4328542f4f0f7",2022-02-18 15:14:48,2022-02-01,2022-02-13,"HS",0
"991","4","Belgium","Unknown",NA,"ed657e15507c34eef9cc270ab1cd2362711e411f092e917777cc5db729f5b263","NPS","BAL","7c794a709302626ae0f7b3be4ed6da73f9d97d93e784773829d4328542f4f0f7",2022-02-18 15:14:48,2022-02-01,2022-02-13,"MB",0
"992","4","Belgium","Unknown",NA,"ed657e15507c34eef9cc270ab1cd2362711e411f092e917777cc5db729f5b263","NPS","BAL","7c794a709302626ae0f7b3be4ed6da73f9d97d93e784773829d4328542f4f0f7",2022-02-18 15:14:48,2022-02-01,2022-02-13,"BRSV",1
"993","4","Belgium","Unknown",NA,"ed657e15507c34eef9cc270ab1cd2362711e411f092e917777cc5db729f5b263","NPS","BAL","7c794a709302626ae0f7b3be4ed6da73f9d97d93e784773829d4328542f4f0f7",2022-02-18 15:14:48,2022-02-01,2022-02-13,"PI3",0
"994","4","Belgium","Unknown",NA,"ed657e15507c34eef9cc270ab1cd2362711e411f092e917777cc5db729f5b263","NPS","BAL","7c794a709302626ae0f7b3be4ed6da73f9d97d93e784773829d4328542f4f0f7",2022-02-18 15:14:48,2022-02-01,2022-02-13,"BCV",0
"995","4","Belgium","Unknown",NA,"ed657e15507c34eef9cc270ab1cd2362711e411f092e917777cc5db729f5b263","NPS","BAL","c170ab55d53bb6560d7ba4b0ffa5bfb2ab2acab55906110b7d6ed444f80dc8da",2022-02-18 15:14:48,2022-02-01,2022-02-13,"PM",0
"996","4","Belgium","Unknown",NA,"ed657e15507c34eef9cc270ab1cd2362711e411f092e917777cc5db729f5b263","NPS","BAL","c170ab55d53bb6560d7ba4b0ffa5bfb2ab2acab55906110b7d6ed444f80dc8da",2022-02-18 15:14:48,2022-02-01,2022-02-13,"MH",0
"997","4","Belgium","Unknown",NA,"ed657e15507c34eef9cc270ab1cd2362711e411f092e917777cc5db729f5b263","NPS","BAL","c170ab55d53bb6560d7ba4b0ffa5bfb2ab2acab55906110b7d6ed444f80dc8da",2022-02-18 15:14:48,2022-02-01,2022-02-13,"HS",0
"998","4","Belgium","Unknown",NA,"ed657e15507c34eef9cc270ab1cd2362711e411f092e917777cc5db729f5b263","NPS","BAL","c170ab55d53bb6560d7ba4b0ffa5bfb2ab2acab55906110b7d6ed444f80dc8da",2022-02-18 15:14:48,2022-02-01,2022-02-13,"MB",1
"999","4","Belgium","Unknown",NA,"ed657e15507c34eef9cc270ab1cd2362711e411f092e917777cc5db729f5b263","NPS","BAL","c170ab55d53bb6560d7ba4b0ffa5bfb2ab2acab55906110b7d6ed444f80dc8da",2022-02-18 15:14:48,2022-02-01,2022-02-13,"BRSV",0
"1000","4","Belgium","Unknown",NA,"ed657e15507c34eef9cc270ab1cd2362711e411f092e917777cc5db729f5b263","NPS","BAL","c170ab55d53bb6560d7ba4b0ffa5bfb2ab2acab55906110b7d6ed444f80dc8da",2022-02-18 15:14:48,2022-02-01,2022-02-13,"PI3",0
"1001","4","Belgium","Unknown",NA,"ed657e15507c34eef9cc270ab1cd2362711e411f092e917777cc5db729f5b263","NPS","BAL","c170ab55d53bb6560d7ba4b0ffa5bfb2ab2acab55906110b7d6ed444f80dc8da",2022-02-18 15:14:48,2022-02-01,2022-02-13,"BCV",1
"1002","4","Belgium","Unknown",NA,"ed657e15507c34eef9cc270ab1cd2362711e411f092e917777cc5db729f5b263","NPS","BAL","ff9d27a58b7bc55adad6a33b619ac4817bc83a819e71d2c5215a545aa842171b",2022-02-18 15:14:48,2022-02-01,2022-02-13,"PM",0
"1003","4","Belgium","Unknown",NA,"ed657e15507c34eef9cc270ab1cd2362711e411f092e917777cc5db729f5b263","NPS","BAL","ff9d27a58b7bc55adad6a33b619ac4817bc83a819e71d2c5215a545aa842171b",2022-02-18 15:14:48,2022-02-01,2022-02-13,"MH",0
"1004","4","Belgium","Unknown",NA,"ed657e15507c34eef9cc270ab1cd2362711e411f092e917777cc5db729f5b263","NPS","BAL","ff9d27a58b7bc55adad6a33b619ac4817bc83a819e71d2c5215a545aa842171b",2022-02-18 15:14:48,2022-02-01,2022-02-13,"HS",0
"1005","4","Belgium","Unknown",NA,"ed657e15507c34eef9cc270ab1cd2362711e411f092e917777cc5db729f5b263","NPS","BAL","ff9d27a58b7bc55adad6a33b619ac4817bc83a819e71d2c5215a545aa842171b",2022-02-18 15:14:48,2022-02-01,2022-02-13,"MB",0
"1006","4","Belgium","Unknown",NA,"ed657e15507c34eef9cc270ab1cd2362711e411f092e917777cc5db729f5b263","NPS","BAL","ff9d27a58b7bc55adad6a33b619ac4817bc83a819e71d2c5215a545aa842171b",2022-02-18 15:14:48,2022-02-01,2022-02-13,"BRSV",0
"1007","4","Belgium","Unknown",NA,"ed657e15507c34eef9cc270ab1cd2362711e411f092e917777cc5db729f5b263","NPS","BAL","ff9d27a58b7bc55adad6a33b619ac4817bc83a819e71d2c5215a545aa842171b",2022-02-18 15:14:48,2022-02-01,2022-02-13,"PI3",0
"1008","4","Belgium","Unknown",NA,"ed657e15507c34eef9cc270ab1cd2362711e411f092e917777cc5db729f5b263","NPS","BAL","ff9d27a58b7bc55adad6a33b619ac4817bc83a819e71d2c5215a545aa842171b",2022-02-18 15:14:48,2022-02-01,2022-02-13,"BCV",1
"1009","4","Belgium","Unknown",NA,"eee936f70d76c9c7ab02ef20f71993bf6a19b43f786a57eb44944d9c9f0f62c9","NPS","BAL","9467ff7ac54c9f69438b85af9df0c12db49d57a494ba55f9255fd3e0ea33ce6f",2022-03-31 19:31:48,2022-03-01,2022-03-27,"PM",0
"1010","4","Belgium","Unknown",NA,"eee936f70d76c9c7ab02ef20f71993bf6a19b43f786a57eb44944d9c9f0f62c9","NPS","BAL","9467ff7ac54c9f69438b85af9df0c12db49d57a494ba55f9255fd3e0ea33ce6f",2022-03-31 19:31:48,2022-03-01,2022-03-27,"MH",0
"1011","4","Belgium","Unknown",NA,"eee936f70d76c9c7ab02ef20f71993bf6a19b43f786a57eb44944d9c9f0f62c9","NPS","BAL","9467ff7ac54c9f69438b85af9df0c12db49d57a494ba55f9255fd3e0ea33ce6f",2022-03-31 19:31:48,2022-03-01,2022-03-27,"HS",0
"1012","4","Belgium","Unknown",NA,"eee936f70d76c9c7ab02ef20f71993bf6a19b43f786a57eb44944d9c9f0f62c9","NPS","BAL","9467ff7ac54c9f69438b85af9df0c12db49d57a494ba55f9255fd3e0ea33ce6f",2022-03-31 19:31:48,2022-03-01,2022-03-27,"MB",0
"1013","4","Belgium","Unknown",NA,"eee936f70d76c9c7ab02ef20f71993bf6a19b43f786a57eb44944d9c9f0f62c9","NPS","BAL","9467ff7ac54c9f69438b85af9df0c12db49d57a494ba55f9255fd3e0ea33ce6f",2022-03-31 19:31:48,2022-03-01,2022-03-27,"BRSV",0
"1014","4","Belgium","Unknown",NA,"eee936f70d76c9c7ab02ef20f71993bf6a19b43f786a57eb44944d9c9f0f62c9","NPS","BAL","9467ff7ac54c9f69438b85af9df0c12db49d57a494ba55f9255fd3e0ea33ce6f",2022-03-31 19:31:48,2022-03-01,2022-03-27,"PI3",0
"1015","4","Belgium","Unknown",NA,"eee936f70d76c9c7ab02ef20f71993bf6a19b43f786a57eb44944d9c9f0f62c9","NPS","BAL","9467ff7ac54c9f69438b85af9df0c12db49d57a494ba55f9255fd3e0ea33ce6f",2022-03-31 19:31:48,2022-03-01,2022-03-27,"BCV",0
"1016","4","Belgium","Unknown",NA,"f658e746131f2576cdf61f4a674e435179e0b6388b483faacd471a2df70cc19d","NPS","BAL","1ec08285a725fe5e0141cc5cc8d493b342a3d12c75ae73b3acd393bc3b7d5d3a",2021-10-21 17:14:12,2021-10-01,2021-10-17,"PM",0
"1017","4","Belgium","Unknown",NA,"f658e746131f2576cdf61f4a674e435179e0b6388b483faacd471a2df70cc19d","NPS","BAL","1ec08285a725fe5e0141cc5cc8d493b342a3d12c75ae73b3acd393bc3b7d5d3a",2021-10-21 17:14:12,2021-10-01,2021-10-17,"MH",0
"1018","4","Belgium","Unknown",NA,"f658e746131f2576cdf61f4a674e435179e0b6388b483faacd471a2df70cc19d","NPS","BAL","1ec08285a725fe5e0141cc5cc8d493b342a3d12c75ae73b3acd393bc3b7d5d3a",2021-10-21 17:14:12,2021-10-01,2021-10-17,"HS",0
"1019","4","Belgium","Unknown",NA,"f658e746131f2576cdf61f4a674e435179e0b6388b483faacd471a2df70cc19d","NPS","BAL","1ec08285a725fe5e0141cc5cc8d493b342a3d12c75ae73b3acd393bc3b7d5d3a",2021-10-21 17:14:12,2021-10-01,2021-10-17,"MB",0
"1020","4","Belgium","Unknown",NA,"f658e746131f2576cdf61f4a674e435179e0b6388b483faacd471a2df70cc19d","NPS","BAL","1ec08285a725fe5e0141cc5cc8d493b342a3d12c75ae73b3acd393bc3b7d5d3a",2021-10-21 17:14:12,2021-10-01,2021-10-17,"BRSV",0
"1021","4","Belgium","Unknown",NA,"f658e746131f2576cdf61f4a674e435179e0b6388b483faacd471a2df70cc19d","NPS","BAL","1ec08285a725fe5e0141cc5cc8d493b342a3d12c75ae73b3acd393bc3b7d5d3a",2021-10-21 17:14:12,2021-10-01,2021-10-17,"PI3",0
"1022","4","Belgium","Unknown",NA,"f658e746131f2576cdf61f4a674e435179e0b6388b483faacd471a2df70cc19d","NPS","BAL","1ec08285a725fe5e0141cc5cc8d493b342a3d12c75ae73b3acd393bc3b7d5d3a",2021-10-21 17:14:12,2021-10-01,2021-10-17,"BCV",0
"1023","4","Belgium","Unknown",NA,"f6a40abcd437f994cb09686eca253f99f56c095843a6fe087073d8d0a5c3454e","NPS","BAL","4391f8f1f45d20f30598b1178b7fabaef690c05684796683f45334078a023a2c",2022-01-12 14:21:50,2022-01-01,2022-01-09,"PM",0
"1024","4","Belgium","Unknown",NA,"f6a40abcd437f994cb09686eca253f99f56c095843a6fe087073d8d0a5c3454e","NPS","BAL","4391f8f1f45d20f30598b1178b7fabaef690c05684796683f45334078a023a2c",2022-01-12 14:21:50,2022-01-01,2022-01-09,"MH",0
"1025","4","Belgium","Unknown",NA,"f6a40abcd437f994cb09686eca253f99f56c095843a6fe087073d8d0a5c3454e","NPS","BAL","4391f8f1f45d20f30598b1178b7fabaef690c05684796683f45334078a023a2c",2022-01-12 14:21:50,2022-01-01,2022-01-09,"HS",0
"1026","4","Belgium","Unknown",NA,"f6a40abcd437f994cb09686eca253f99f56c095843a6fe087073d8d0a5c3454e","NPS","BAL","4391f8f1f45d20f30598b1178b7fabaef690c05684796683f45334078a023a2c",2022-01-12 14:21:50,2022-01-01,2022-01-09,"MB",0
"1027","4","Belgium","Unknown",NA,"f6a40abcd437f994cb09686eca253f99f56c095843a6fe087073d8d0a5c3454e","NPS","BAL","4391f8f1f45d20f30598b1178b7fabaef690c05684796683f45334078a023a2c",2022-01-12 14:21:50,2022-01-01,2022-01-09,"BRSV",0
"1028","4","Belgium","Unknown",NA,"f6a40abcd437f994cb09686eca253f99f56c095843a6fe087073d8d0a5c3454e","NPS","BAL","4391f8f1f45d20f30598b1178b7fabaef690c05684796683f45334078a023a2c",2022-01-12 14:21:50,2022-01-01,2022-01-09,"PI3",0
"1029","4","Belgium","Unknown",NA,"f6a40abcd437f994cb09686eca253f99f56c095843a6fe087073d8d0a5c3454e","NPS","BAL","4391f8f1f45d20f30598b1178b7fabaef690c05684796683f45334078a023a2c",2022-01-12 14:21:50,2022-01-01,2022-01-09,"BCV",0
"1030","4","The Netherlands","Unknown",NA,"30606ac3b4fd5c618ac4c6555ce007edd7fe73d75b685320aa56be211ebc4b40","NPS","BAL","00037f39cf870a1f49129f9c82d935665d352ffd25ea3296208f6f7b16fd654f",2020-10-01 10:08:45,2020-10-01,2020-09-27,"PM",0
"1031","4","The Netherlands","Unknown",NA,"30606ac3b4fd5c618ac4c6555ce007edd7fe73d75b685320aa56be211ebc4b40","NPS","BAL","00037f39cf870a1f49129f9c82d935665d352ffd25ea3296208f6f7b16fd654f",2020-10-01 10:08:45,2020-10-01,2020-09-27,"MH",1
"1032","4","The Netherlands","Unknown",NA,"30606ac3b4fd5c618ac4c6555ce007edd7fe73d75b685320aa56be211ebc4b40","NPS","BAL","00037f39cf870a1f49129f9c82d935665d352ffd25ea3296208f6f7b16fd654f",2020-10-01 10:08:45,2020-10-01,2020-09-27,"HS",0
"1033","4","The Netherlands","Unknown",NA,"30606ac3b4fd5c618ac4c6555ce007edd7fe73d75b685320aa56be211ebc4b40","NPS","BAL","00037f39cf870a1f49129f9c82d935665d352ffd25ea3296208f6f7b16fd654f",2020-10-01 10:08:45,2020-10-01,2020-09-27,"MB",0
"1034","4","The Netherlands","Unknown",NA,"30606ac3b4fd5c618ac4c6555ce007edd7fe73d75b685320aa56be211ebc4b40","NPS","BAL","00037f39cf870a1f49129f9c82d935665d352ffd25ea3296208f6f7b16fd654f",2020-10-01 10:08:45,2020-10-01,2020-09-27,"BRSV",0
"1035","4","The Netherlands","Unknown",NA,"30606ac3b4fd5c618ac4c6555ce007edd7fe73d75b685320aa56be211ebc4b40","NPS","BAL","00037f39cf870a1f49129f9c82d935665d352ffd25ea3296208f6f7b16fd654f",2020-10-01 10:08:45,2020-10-01,2020-09-27,"PI3",0
"1036","4","The Netherlands","Unknown",NA,"30606ac3b4fd5c618ac4c6555ce007edd7fe73d75b685320aa56be211ebc4b40","NPS","BAL","00037f39cf870a1f49129f9c82d935665d352ffd25ea3296208f6f7b16fd654f",2020-10-01 10:08:45,2020-10-01,2020-09-27,"BCV",0
"1037","4","The Netherlands","Unknown",NA,"30606ac3b4fd5c618ac4c6555ce007edd7fe73d75b685320aa56be211ebc4b40","NPS","BAL","f8b7291025863577c250b562e8aa0d7a70387bc67029915cd5c2dfda40a9e055",2020-10-01 09:55:23,2020-10-01,2020-09-27,"PM",0
"1038","4","The Netherlands","Unknown",NA,"30606ac3b4fd5c618ac4c6555ce007edd7fe73d75b685320aa56be211ebc4b40","NPS","BAL","f8b7291025863577c250b562e8aa0d7a70387bc67029915cd5c2dfda40a9e055",2020-10-01 09:55:23,2020-10-01,2020-09-27,"MH",0
"1039","4","The Netherlands","Unknown",NA,"30606ac3b4fd5c618ac4c6555ce007edd7fe73d75b685320aa56be211ebc4b40","NPS","BAL","f8b7291025863577c250b562e8aa0d7a70387bc67029915cd5c2dfda40a9e055",2020-10-01 09:55:23,2020-10-01,2020-09-27,"HS",0
"1040","4","The Netherlands","Unknown",NA,"30606ac3b4fd5c618ac4c6555ce007edd7fe73d75b685320aa56be211ebc4b40","NPS","BAL","f8b7291025863577c250b562e8aa0d7a70387bc67029915cd5c2dfda40a9e055",2020-10-01 09:55:23,2020-10-01,2020-09-27,"MB",0
"1041","4","The Netherlands","Unknown",NA,"30606ac3b4fd5c618ac4c6555ce007edd7fe73d75b685320aa56be211ebc4b40","NPS","BAL","f8b7291025863577c250b562e8aa0d7a70387bc67029915cd5c2dfda40a9e055",2020-10-01 09:55:23,2020-10-01,2020-09-27,"BRSV",0
"1042","4","The Netherlands","Unknown",NA,"30606ac3b4fd5c618ac4c6555ce007edd7fe73d75b685320aa56be211ebc4b40","NPS","BAL","f8b7291025863577c250b562e8aa0d7a70387bc67029915cd5c2dfda40a9e055",2020-10-01 09:55:23,2020-10-01,2020-09-27,"PI3",0
"1043","4","The Netherlands","Unknown",NA,"30606ac3b4fd5c618ac4c6555ce007edd7fe73d75b685320aa56be211ebc4b40","NPS","BAL","f8b7291025863577c250b562e8aa0d7a70387bc67029915cd5c2dfda40a9e055",2020-10-01 09:55:23,2020-10-01,2020-09-27,"BCV",0
"1044","4","The Netherlands","Unknown",NA,"3f613c55d57f95fe15534edae86f6863d67d2df186eb6721cd70a037b03cf7fa","NPS","BAL","9ea3f4147c0d763c96e161f83b7aac40c78468f26a382a16eb5b75af0d7ae4f0",2021-01-05 10:05:16,2021-01-01,2021-01-03,"PM",1
"1045","4","The Netherlands","Unknown",NA,"3f613c55d57f95fe15534edae86f6863d67d2df186eb6721cd70a037b03cf7fa","NPS","BAL","9ea3f4147c0d763c96e161f83b7aac40c78468f26a382a16eb5b75af0d7ae4f0",2021-01-05 10:05:16,2021-01-01,2021-01-03,"MH",0
"1046","4","The Netherlands","Unknown",NA,"3f613c55d57f95fe15534edae86f6863d67d2df186eb6721cd70a037b03cf7fa","NPS","BAL","9ea3f4147c0d763c96e161f83b7aac40c78468f26a382a16eb5b75af0d7ae4f0",2021-01-05 10:05:16,2021-01-01,2021-01-03,"HS",0
"1047","4","The Netherlands","Unknown",NA,"3f613c55d57f95fe15534edae86f6863d67d2df186eb6721cd70a037b03cf7fa","NPS","BAL","9ea3f4147c0d763c96e161f83b7aac40c78468f26a382a16eb5b75af0d7ae4f0",2021-01-05 10:05:16,2021-01-01,2021-01-03,"MB",0
"1048","4","The Netherlands","Unknown",NA,"3f613c55d57f95fe15534edae86f6863d67d2df186eb6721cd70a037b03cf7fa","NPS","BAL","9ea3f4147c0d763c96e161f83b7aac40c78468f26a382a16eb5b75af0d7ae4f0",2021-01-05 10:05:16,2021-01-01,2021-01-03,"BRSV",0
"1049","4","The Netherlands","Unknown",NA,"3f613c55d57f95fe15534edae86f6863d67d2df186eb6721cd70a037b03cf7fa","NPS","BAL","9ea3f4147c0d763c96e161f83b7aac40c78468f26a382a16eb5b75af0d7ae4f0",2021-01-05 10:05:16,2021-01-01,2021-01-03,"PI3",0
"1050","4","The Netherlands","Unknown",NA,"3f613c55d57f95fe15534edae86f6863d67d2df186eb6721cd70a037b03cf7fa","NPS","BAL","9ea3f4147c0d763c96e161f83b7aac40c78468f26a382a16eb5b75af0d7ae4f0",2021-01-05 10:05:16,2021-01-01,2021-01-03,"BCV",1
"1051","4","The Netherlands","Unknown",NA,"4eec6372c08f87b2f48f9c96ea4cb155b0cbd3f883a494067b72c3d1df4e586e","NPS","Swab","46b724b2f85d4f7bd485423a04bcf2cffb2c22304fe264aa4da31794b7adae41",2020-12-21 15:12:25,2020-12-01,2020-12-20,"PM",1
"1052","4","The Netherlands","Unknown",NA,"4eec6372c08f87b2f48f9c96ea4cb155b0cbd3f883a494067b72c3d1df4e586e","NPS","Swab","46b724b2f85d4f7bd485423a04bcf2cffb2c22304fe264aa4da31794b7adae41",2020-12-21 15:12:25,2020-12-01,2020-12-20,"MH",0
"1053","4","The Netherlands","Unknown",NA,"4eec6372c08f87b2f48f9c96ea4cb155b0cbd3f883a494067b72c3d1df4e586e","NPS","Swab","46b724b2f85d4f7bd485423a04bcf2cffb2c22304fe264aa4da31794b7adae41",2020-12-21 15:12:25,2020-12-01,2020-12-20,"HS",0
"1054","4","The Netherlands","Unknown",NA,"4eec6372c08f87b2f48f9c96ea4cb155b0cbd3f883a494067b72c3d1df4e586e","NPS","Swab","46b724b2f85d4f7bd485423a04bcf2cffb2c22304fe264aa4da31794b7adae41",2020-12-21 15:12:25,2020-12-01,2020-12-20,"MB",1
"1055","4","The Netherlands","Unknown",NA,"4eec6372c08f87b2f48f9c96ea4cb155b0cbd3f883a494067b72c3d1df4e586e","NPS","Swab","46b724b2f85d4f7bd485423a04bcf2cffb2c22304fe264aa4da31794b7adae41",2020-12-21 15:12:25,2020-12-01,2020-12-20,"BRSV",0
"1056","4","The Netherlands","Unknown",NA,"4eec6372c08f87b2f48f9c96ea4cb155b0cbd3f883a494067b72c3d1df4e586e","NPS","Swab","46b724b2f85d4f7bd485423a04bcf2cffb2c22304fe264aa4da31794b7adae41",2020-12-21 15:12:25,2020-12-01,2020-12-20,"PI3",0
"1057","4","The Netherlands","Unknown",NA,"4eec6372c08f87b2f48f9c96ea4cb155b0cbd3f883a494067b72c3d1df4e586e","NPS","Swab","46b724b2f85d4f7bd485423a04bcf2cffb2c22304fe264aa4da31794b7adae41",2020-12-21 15:12:25,2020-12-01,2020-12-20,"BCV",0
